time,x,y,heading, flSteer, frSteer, blSteer, brSteer, flDrive, frDrive, blDrive, brDrive, rawGyro, rawAccelX, rawAccelY, yaw, pigeon yaw, pigeon raw, pivot pos, ext pos
123156083,45.8146,21.1755,-30.07,-128.936,-49.4821,-50.0097,53.4375,11.2685,8.71769,-10.0942,6.58687,-0.30426,-0.0483398,0.0452271,30.03,0,0,40.7288,0
123200174,45.8146,21.1755,-30.07,-128.936,-49.3942,-50.0097,53.4375,11.2685,8.71769,-10.0942,6.58687,0.15213,-0.0432129,0.0375366,30.03,0,0,40.7288,0
123245286,45.8146,21.1755,-30.07,-128.936,-49.3942,-50.0976,53.5254,11.2685,8.71769,-10.0942,6.58687,-0,-0.0474243,0.0422974,30.03,0,0,40.7288,0
123297991,45.8146,21.1755,-30.07,-128.936,-49.4821,-50.0976,53.4375,11.2685,8.71769,-10.0942,6.58687,-0,-0.036438,0.0474243,30.03,0,0,40.7288,0
123348052,45.8146,21.1755,-30.07,-128.936,-49.3942,-50.0976,53.5254,11.2685,8.71769,-10.0942,6.58687,-0.15213,-0.0426636,0.0457764,30.03,0,0,40.7288,0
123398712,45.8146,21.1755,-30.07,-128.936,-49.4821,-50.0976,53.5254,11.2685,8.71769,-10.0942,6.58687,-0,-0.0463257,0.0441284,30.03,0,0,40.7288,0
123445875,45.8146,21.1755,-30.07,-128.936,-49.4821,-50.0097,53.5254,11.2685,8.71769,-10.0942,6.58687,-0.15213,-0.0479736,0.0419312,30.03,0,0,40.7288,0
123496189,45.8146,21.1755,-30.07,-128.936,-49.3942,-50.0097,53.4375,11.2685,8.71769,-10.0942,6.58687,-0.15213,-0.0388184,0.0443115,30.03,0,0,40.7288,0
123546750,45.8146,21.1755,-30.07,-128.936,-49.3942,-50.0097,53.4375,11.2685,8.71769,-10.0942,6.58687,-0,-0.0452271,0.0421143,30.03,0,0,40.7288,0
123595800,45.8146,21.1755,-30.07,-128.936,-49.4821,-50.0097,53.5254,11.2685,8.71769,-10.0942,6.58687,-0,-0.0355225,0.0459595,30.03,0,0,40.7288,0
123639444,45.8146,21.1755,-30.07,-128.936,-49.4821,-50.0976,53.4375,11.2685,8.71769,-10.0942,6.58687,-0.15213,-0.0446777,0.0430298,30.03,0,0,40.7288,0
123695662,45.8146,21.1755,-30.07,-128.936,-49.3942,-50.0976,53.5254,11.2685,8.71769,-10.0942,6.58687,0.15213,-0.0446777,0.0371704,30.03,0,0,40.7288,0
123738163,45.8146,21.1755,-30.07,-128.936,-49.4821,-50.0976,53.4375,11.2685,8.71769,-10.0942,6.58687,0.15213,-0.0477905,0.0316772,30.03,0,0,40.7288,0
123787199,45.8146,21.1755,-30.07,-128.936,-49.3942,-50.0097,53.4375,11.2685,8.71769,-10.0942,6.58687,-0.15213,-0.0498047,0.0371704,30.03,0,0,40.7288,0
123835751,45.8146,21.1755,-30.07,-128.936,-49.3942,-50.0976,53.4375,11.2685,8.71769,-10.0942,6.58687,-0.15213,-0.0485229,0.0353394,30.03,0,0,40.7288,0
123887732,45.8146,21.1755,-30.07,-128.936,-49.3942,-50.0976,53.4375,11.2685,8.71769,-10.0942,6.58687,-0.15213,-0.0476074,0.0410156,30.03,0,0,40.7288,0
123943203,45.8146,21.1755,-30.07,-128.936,-49.4821,-50.0976,53.4375,11.2685,8.71769,-10.0942,6.58687,-0,-0.0435791,0.0426636,30.02,0,0,40.7288,0
123990422,45.8146,21.1755,-30.06,-128.936,-49.3942,-50.0976,53.4375,11.2685,8.71769,-10.0942,6.58687,0.15213,-0.0450439,0.0428467,30.02,0,0,40.7288,0
124030622,45.8146,21.1755,-30.06,-128.936,-49.3942,-50.0976,53.5254,11.2685,8.71769,-10.0942,6.58687,-0.15213,-0.0430298,0.0379028,30.02,0,0,40.7288,0
124084192,45.8146,21.1755,-30.06,-128.936,-49.3942,-50.0976,53.3496,11.2685,8.71769,-10.0942,6.58687,-0,-0.0455933,0.0360718,30.02,0,0,40.7288,0
124137375,45.8146,21.1755,-30.06,-128.936,-49.3942,-50.0976,53.4375,11.2685,8.71769,-10.0942,6.58687,-0,-0.0411987,0.0391846,30.02,0,0,40.7288,0
124186722,45.8146,21.1755,-30.06,-128.936,-49.4821,-50.0976,53.3496,11.2685,8.71769,-10.0942,6.58687,-0.15213,-0.052002,0.0406494,30.02,0,0,40.7288,0
124233460,45.8146,21.1755,-30.06,-128.936,-49.3942,-50.0976,53.5254,11.2685,8.71769,-10.0942,6.58687,-0.15213,-0.0452271,0.0424805,30.02,0,0,40.7288,0
124287734,45.8146,21.1755,-30.06,-128.936,-49.3942,-50.0976,53.4375,11.2685,8.71769,-10.0942,6.58687,-0,-0.0379028,0.0512695,30.02,0,0,40.7288,0
124340198,45.8146,21.1755,-30.06,-128.936,-49.4821,-50.0976,53.4375,11.2685,8.71769,-10.0942,6.58687,0.30426,-0.0558472,0.0338745,30.02,0,0,40.7288,0
124392989,45.8146,21.1755,-30.06,-128.936,-49.4821,-50.0976,53.5254,11.2685,8.71769,-10.0942,6.58687,0.30426,-0.0444946,0.0476074,30.02,0,0,40.7288,0
124430828,45.8146,21.1755,-30.06,-128.936,-49.3942,-50.0976,53.5254,11.2685,8.71769,-10.0942,6.58687,-0.15213,-0.0393677,0.0357056,30.02,0,0,40.7288,0
124484663,45.8146,21.1755,-30.06,-128.936,-49.3942,-50.0097,53.4375,11.2685,8.71769,-10.0942,6.58687,0.15213,-0.0516357,0.0437622,30.02,0,0,40.7288,0
124530887,45.8146,21.1755,-30.05,-128.936,-49.3942,-50.0976,53.5254,11.2685,8.71769,-10.0942,6.58687,0.15213,-0.0391846,0.0441284,30.01,0,0,40.7288,0
124571978,45.8146,21.1755,-30.05,-128.936,-49.4821,-50.0976,53.4375,11.2685,8.71769,-10.0942,6.58687,-0.15213,-0.0443115,0.036438,30.01,0,0,40.7288,0
124619638,45.8146,21.1755,-30.05,-128.936,-49.3942,-50.0976,53.4375,11.2685,8.71769,-10.0942,6.58687,-0,-0.0479736,0.0373535,30.01,0,0,40.7288,0
124669249,45.8146,21.1755,-30.05,-128.936,-49.4821,-50.0097,53.4375,11.2685,8.71769,-10.0942,6.58687,-0,-0.0479736,0.0375366,30.01,0,0,40.7288,0
124724465,45.8146,21.1755,-30.05,-128.936,-49.3942,-50.0976,53.4375,11.2685,8.71769,-10.0942,6.58687,0.15213,-0.0540161,0.0373535,30.01,0,0,40.7288,0
124771688,45.8146,21.1755,-30.05,-128.936,-49.3942,-50.0097,53.5254,11.2685,8.71769,-10.0942,6.58687,-0.15213,-0.046875,0.0461426,30.01,0,0,40.7288,0
124813093,45.8146,21.1755,-30.05,-128.936,-49.3942,-50.0976,53.4375,11.2685,8.71769,-10.0942,6.58687,-0.15213,-0.0384521,0.043396,30.01,0,0,40.7288,0
124862106,45.8146,21.1755,-30.05,-128.936,-49.3942,-50.0976,53.5254,11.2685,8.71769,-10.0942,6.58687,-0,-0.0411987,0.0421143,30.01,0,0,40.7288,0
124908022,45.8146,21.1755,-30.05,-128.936,-49.3942,-50.0976,53.4375,11.2685,8.71769,-10.0942,6.58687,-0.15213,-0.0488892,0.0386353,30.01,0,0,40.7288,0
124959424,45.8146,21.1755,-30.05,-128.936,-49.3942,-50.0976,53.5254,11.2685,8.71769,-10.0942,6.58687,-0,-0.0424805,0.0444946,30.01,0,0,40.7288,0
125002037,45.8146,21.1755,-30.05,-128.936,-49.3942,-50.0976,53.4375,11.2685,8.71769,-10.0942,6.58687,-0,-0.041748,0.0446777,30.01,0,0,40.7288,0
125042055,45.8146,21.1755,-30.05,-128.936,-49.3942,-49.9218,53.5254,11.2685,8.71769,-10.0942,6.58687,-0,-0.0516357,0.0435791,30.01,0,0,40.7288,0
125091957,45.8146,21.1755,-30.05,-128.936,-49.3942,-50.0097,53.5254,11.2685,8.71769,-10.0942,6.58687,-0,-0.0465088,0.0488892,30.01,0,0,40.7288,0
125134094,45.8146,21.1755,-30.05,-128.936,-49.3942,-50.0976,53.5254,11.2685,8.71769,-10.0942,6.58687,-0,-0.0477905,0.0419312,30.01,0,0,40.7288,0
125178626,45.8146,21.1755,-30.04,-128.936,-49.3942,-50.0976,53.4375,11.2685,8.71769,-10.0942,6.58687,0.30426,-0.0476074,0.0377197,30,0,0,40.7288,0
125226508,45.8146,21.1755,-30.04,-128.936,-49.3942,-50.0976,53.5254,11.2685,8.71769,-10.0942,6.58687,-0.15213,-0.00183105,0.0239868,30,0,0,40.7288,0
125282608,45.8146,21.1755,-30.04,-128.936,-49.3942,-50.0097,53.5254,11.2685,8.71769,-10.0942,6.58687,-0,-0.0639038,0.0598755,30,0,0,40.7288,0
125332183,45.8146,21.1755,-30.04,-128.936,-49.4821,-50.0976,53.3496,11.2685,8.71769,-10.0942,6.58687,-0.15213,-0.0496216,0.0346069,30,0,0,40.7288,0
125373491,45.8146,21.1755,-30.04,-128.936,-49.4821,-50.0976,53.4375,11.2685,8.71769,-10.0942,6.58687,-0.30426,-0.0446777,0.0377197,30,0,0,40.7288,0
125424766,45.8146,21.1755,-30.04,-128.936,-49.3942,-50.0976,53.4375,11.2685,8.71769,-10.0942,6.58687,-0.30426,-0.057312,0.0358887,30,0,0,40.7288,0
125475515,45.8146,21.1755,-30.04,-128.936,-49.3942,-50.0976,53.4375,11.2685,8.71769,-10.0942,6.58687,-0.30426,-0.0444946,0.0320435,30,0,0,40.7288,0
125527113,45.8146,21.1755,-30.03,-128.936,-49.3942,-50.0097,53.5254,11.2685,8.71769,-10.0942,6.58687,-0,-0.0465088,0.0479736,29.99,0,0,40.7288,0
125579019,45.8146,21.1755,-30.03,-128.936,-49.3942,-50.0976,53.5254,11.2685,8.71769,-10.0942,6.58687,-0,-0.0540161,0.0444946,29.99,0,0,40.7288,0
125627191,45.8146,21.1755,-30.03,-128.936,-49.3942,-50.0097,53.4375,11.2685,8.71769,-10.0942,6.58687,-0.30426,-0.036438,0.0404663,29.99,0,0,40.7288,0
125677872,45.8146,21.1755,-30.03,-128.936,-49.3942,-50.0097,53.4375,11.2685,8.71769,-10.0942,6.58687,-0.15213,-0.0395508,0.0452271,29.99,0,0,40.7288,0
125736677,45.8146,21.1755,-30.02,-128.936,-49.4821,-50.0097,53.5254,11.2685,8.71769,-10.0942,6.58687,-0.15213,-0.0487061,0.0446777,29.98,0,0,40.7288,0
125782742,45.8146,21.1755,-30.02,-128.936,-49.3942,-50.0976,53.4375,11.2685,8.71769,-10.0942,6.58687,-0.30426,-0.0487061,0.0443115,29.98,0,0,40.7288,0
125831646,45.8146,21.1755,-30.02,-128.936,-49.4821,-50.0976,53.3496,11.2685,8.71769,-10.0942,6.58687,0.15213,-0.0470581,0.0435791,29.98,0,0,40.7288,0
125882891,45.8146,21.1755,-30.02,-128.936,-49.4821,-50.0097,53.4375,11.2685,8.71769,-10.0942,6.58687,-0,-0.0455933,0.0388184,29.98,0,0,40.7288,0
125934027,45.8146,21.1755,-30.02,-128.936,-49.4821,-50.0976,53.4375,11.2685,8.71769,-10.0942,6.58687,0.15213,-0.0514526,0.0476074,29.98,0,0,40.7288,0
125985659,45.8146,21.1755,-30.02,-128.936,-49.3942,-50.0976,53.4375,11.2685,8.71769,-10.0942,6.58687,0.30426,-0.00311279,0.0302124,29.98,0,0,40.7288,0
126034744,45.8146,21.1755,-30.02,-128.936,-49.3942,-50.0976,53.5254,11.2685,8.71769,-10.0942,6.58687,0.15213,-0.0492554,0.0406494,29.98,0,0,40.7288,0
126086080,45.8146,21.1755,-30.02,-128.936,-49.3942,-50.0097,53.5254,11.2685,8.71769,-10.0942,6.58687,0.15213,-0.0349731,0.0296631,29.98,0,0,40.7288,0
126136512,45.8146,21.1755,-30.02,-128.936,-49.4821,-50.0097,53.3496,11.2685,8.71769,-10.0942,6.58687,-0,-0.046875,0.0410156,29.98,0,0,40.7288,0
126186678,45.8146,21.1755,-30.02,-128.936,-49.3942,-50.0097,53.4375,11.2685,8.71769,-10.0942,6.58687,0.30426,-0.0514526,0.0355225,29.98,0,0,40.7288,0
126237942,45.8146,21.1755,-30.02,-128.936,-49.3942,-50.0097,53.5254,11.2685,8.71769,-10.0942,6.58687,0.15213,-0.0560303,0.0455933,29.98,0,0,40.7288,0
126285880,45.8146,21.1755,-30.02,-128.936,-49.4821,-50.0976,53.5254,11.2685,8.71769,-10.0942,6.58687,-0.45639,-0.0463257,0.0344238,29.98,0,0,40.7288,0
126338779,45.8146,21.1755,-30.01,-128.936,-49.4821,-50.0097,53.4375,11.2685,8.71769,-10.0942,6.58687,-0.15213,-0.0386353,0.0335083,29.97,0,0,40.7288,0
126386558,45.8146,21.1755,-30.01,-128.936,-49.4821,-50.0976,53.3496,11.2685,8.71769,-10.0942,6.58687,-0.15213,-0.0355225,0.039917,29.97,0,0,40.7288,0
126432374,45.8146,21.1755,-30.01,-128.936,-49.3942,-50.0097,53.5254,11.2685,8.71769,-10.0942,6.58687,-0,-0.0452271,0.0366211,29.97,0,0,40.7288,0
126483239,45.8146,21.1755,-30.01,-128.936,-49.4821,-50.0976,53.5254,11.2685,8.71769,-10.0942,6.58687,-0,-0.0580444,0.0472412,29.97,0,0,40.7288,0
126526723,45.8146,21.1755,-30.01,-128.936,-49.3942,-50.0976,53.5254,11.2685,8.71769,-10.0942,6.58687,-0,-0.0338745,0.046875,29.97,0,0,40.7288,0
126571614,45.8146,21.1755,-30.01,-128.936,-49.3942,-50.0097,53.5254,11.2685,8.71769,-10.0942,6.58687,-0.15213,-0.0466919,0.0404663,29.97,0,0,40.7288,0
126635134,45.8146,21.1755,-30.01,-128.936,-49.3942,-49.9218,53.3496,11.2685,8.71769,-10.0942,6.58687,-0.15213,-0.0340576,0.03479,29.96,0,0,40.7288,0
126681965,45.8146,21.1755,-30,-128.936,-49.3942,-50.0976,53.4375,11.2685,8.71769,-10.0942,6.58687,-0,-0.0514526,0.0408325,29.96,0,0,40.7288,0
126733395,45.8146,21.1755,-30,-128.936,-49.4821,-50.0097,53.4375,11.2685,8.71769,-10.0942,6.58687,0.15213,-0.0298462,0.0340576,29.96,0,0,40.7288,0
126783370,45.8146,21.1755,-30,-128.936,-49.4821,-50.0097,53.4375,11.2685,8.71769,-10.0942,6.58687,-0,-0.0422974,0.0430298,29.96,0,0,40.7288,0
126827762,45.8146,21.1755,-30,-128.936,-49.3942,-50.0097,53.5254,11.2685,8.71769,-10.0942,6.58687,-0,-0.0446777,0.0444946,29.96,0,0,40.7288,0
126879397,45.8146,21.1755,-30,-128.936,-49.4821,-50.0097,53.5254,11.2685,8.71769,-10.0942,6.58687,-0,-0.0444946,0.0338745,29.96,0,0,40.7288,0
126931295,45.8146,21.1755,-30,-128.936,-49.3942,-50.0097,53.5254,11.2685,8.71769,-10.0942,6.58687,-0,-0.0485229,0.0410156,29.96,0,0,40.7288,0
126978086,45.8146,21.1755,-30,-128.936,-49.3942,-50.0976,53.5254,11.2685,8.71769,-10.0942,6.58687,-0,-0.0465088,0.0446777,29.96,0,0,40.7288,0
127030884,45.8146,21.1755,-30,-128.936,-49.3942,-50.0976,53.5254,11.2685,8.71769,-10.0942,6.58687,-0,-0.0527344,0.0351562,29.96,0,0,40.7288,0
127088993,45.8146,21.1755,-30,-128.936,-49.3942,-50.0097,53.4375,11.2685,8.71769,-10.0942,6.58687,0.15213,-0.052002,0.0463257,29.96,0,0,40.7288,0
127144228,45.9202,21.1169,-30.04,-128.672,-53.6129,-47.1093,53.3496,12.6994,10.5919,-11.5795,7.90114,112.272,3.23126,-5.66254,30.45,0,0,40.7288,0
127193991,46.0054,21.2477,-33.5,-132.275,-53.6129,-47.4609,48.4277,12.7694,10.4519,-11.9139,7.49675,105.578,2.14966,0.920471,34.16,0,0,40.7074,0
127237587,46.0046,21.1171,-34.63,-127.881,-49.57,-51.5039,53.5254,10.7941,8.67881,-9.63534,5.73144,-84.4322,2.25989,1.80743,34.25,0,0,40.6645,0
127285235,46.0521,21.5317,-32.44,-127.793,-49.1305,-51.6796,53.9648,8.82657,5.64589,-8.33663,3.13401,-233.976,-1.68036,0.925232,31.06,0,0,40.6431,0
127342147,46.3138,21.6314,-24.92,-127.617,-48.6911,-51.7675,53.5254,6.53244,2.56631,-5.45147,-0.155534,-439.2,0.448975,1.49762,22.34,0,0,40.6431,0
127384381,46.2429,21.5801,-16.54,-127.529,-48.6032,-51.7675,53.5254,3.19623,0.0622137,-2.87738,-3.00181,-545.082,-0.330139,0.593445,13.28,0,0,40.5573,0
127428195,46.4779,21.5151,-6.49,-127.441,-48.6032,-51.8554,53.6133,0.279962,-3.01736,0.909875,-6.2447,-593.46,-0.665588,1.26215,6.45,0,0,40.5359,0
127478104,46.6666,21.5715,4.87,-127.354,-48.4274,-51.7675,53.5254,-3.68616,-6.9446,5.17151,-10.6152,-677.283,-1.15668,-1.09241,-8.96,0,0,40.4287,0
127525795,46.572,21.7529,17.19,-127.705,-48.5153,-51.9433,53.3496,-8.35996,-11.3773,8.81879,-15.6001,-720.336,-2.27179,-1.72284,-21.56,0,0,40.3001,0
127578923,46.7594,21.8403,30.33,-128.057,-48.5153,-51.9433,53.3496,-13.3682,-15.9889,13.9436,-20.8183,-774.799,-1.6778,0.905457,-34.96,0,0,40.1286,0
127636471,46.9901,22.1019,49.06,-127.617,-48.5153,-51.8554,53.3496,-19.3873,-21.6659,20.4683,-27.4051,-803.095,-0.77179,-0.412903,-53.94,0,0,39.8071,0
127698803,47.2718,22.3292,68.57,-127.705,-51.8551,-50.4492,53.3496,-23.7579,-25.251,25.3132,-32.1411,-725.661,1.80927,-3.21991,-73.14,0,0,39.6141,0
127743218,47.3048,22.3315,84.57,-132.012,-52.3825,-47.7246,48.8672,-27.0085,-28.385,28.4705,-35.5707,-590.569,2.6424,0.19574,-88.18,0,0,39.4855,0
127794928,47.5069,22.4751,95.35,-132.715,-52.5583,-47.1972,49.834,-30.0881,-30.2125,31.1146,-38.5414,-540.823,-2.25861,0.753296,-98.75,0,0,39.2497,0
127841335,47.3892,22.4785,104.14,-132.627,-52.9098,-47.0214,48.9551,-28.7116,-28.5716,29.2793,-37.4138,-345.488,-2.53857,-3.29865,-106.33,0,0,38.9711,0
127893044,47.1414,22.4228,109.61,-132.891,-53.2614,-47.4609,48.7793,-26.3086,-26.3553,26.4875,-35.6096,-170.994,-2.37708,1.48169,-110.78,0,0,38.8853,0
127939874,46.9643,22.4685,111.88,-132.803,-53.4372,-47.1972,48.6035,-23.579,-23.4235,23.5168,-33.2843,13.3875,-0.329041,-3.17853,-111.92,0,0,38.821,0
127990449,46.7083,22.4469,109.55,-132.891,-53.6129,-47.0214,48.5156,-22.2725,-22.2336,21.8059,-32.7477,180.731,-0.0770874,-0.706604,-108.5,0,0,38.7781,0
128047758,46.7293,22.5122,105.59,-132.451,-52.8219,-47.2851,48.7793,-21.9381,-21.7826,21.6348,-32.4133,99.0367,0.112793,0.0234375,-104.99,0,0,38.7567,0
128097957,46.662,22.5414,103.98,-132.275,-50.1852,-47.7246,52.1191,-21.2304,-21.2149,21.0516,-31.9701,53.7019,0.445129,0.352295,-103.67,0,0,38.7567,0
128140621,46.6726,22.5359,103.13,-132.275,-50.1852,-47.6367,52.207,-20.9893,-20.9582,20.826,-31.6668,22.3631,-0.0265503,-0.0140991,-103.01,0,0,38.7567,0
128190541,46.6696,22.5168,102.82,-132.275,-50.0973,-47.7246,52.207,-20.9271,-20.896,20.7016,-31.5734,0.608521,-0.110962,-0.0227051,-102.85,0,0,38.7567,0
128236289,46.6742,22.5132,102.86,-132.275,-50.1852,-47.6367,52.207,-20.9349,-20.896,20.7016,-31.5579,-6.5416,-0.112976,-0.0657349,-102.94,0,0,38.7353,0
128280036,46.6784,22.5127,102.98,-132.275,-50.0973,-47.6367,52.1191,-20.9505,-20.896,20.7094,-31.5579,-4.86816,-0.112793,-0.0369873,-103.06,0,0,38.7353,0
128336219,46.6784,22.5127,103.1,-132.275,-50.1852,-47.7246,52.2949,-20.9505,-20.896,20.7094,-31.5579,-3.80325,0.169556,-0.0461426,-103.17,0,0,38.7353,0
128388202,46.6784,22.5127,103.18,-132.275,-50.0973,-47.6367,52.2949,-20.9505,-20.896,20.7094,-31.5579,-3.0426,-0.0203247,0.0344238,-103.23,0,0,38.7353,0
128427388,46.6784,22.5127,103.22,-132.275,-50.0973,-47.7246,52.2949,-20.9505,-20.896,20.7094,-31.5579,-0.30426,-0.0529175,-0.0671997,-103.27,0,0,38.7353,0
128479406,46.68,22.5116,103.21,-132.275,-50.1852,-47.6367,52.2949,-20.9582,-20.896,20.7094,-31.5579,1.97769,-0.0822144,-0.0761719,-103.25,0,0,38.7353,0
128535702,46.68,22.5116,103.17,-132.275,-50.0973,-47.6367,52.2949,-20.9582,-20.896,20.7094,-31.5579,1.82556,-0.0496216,0.067749,-103.2,0,0,38.7353,0
128586494,46.68,22.5116,103.14,-132.275,-50.0973,-47.6367,52.2949,-20.9582,-20.896,20.7094,-31.5579,-0.608521,-0.0100708,0.0721436,-103.18,0,0,38.7353,0
128643981,46.68,22.5116,103.16,-132.275,-50.1852,-47.6367,52.2949,-20.9582,-20.896,20.7094,-31.5579,-1.21704,-0.0228882,0.0245361,-103.2,0,0,38.7353,0
128688727,46.68,22.5116,103.18,-132.275,-50.1852,-47.7246,52.2949,-20.9582,-20.896,20.7094,-31.5579,-0.30426,-0.0761719,0.0298462,-103.22,0,0,38.7353,0
128736943,46.68,22.5116,103.18,-132.275,-50.0973,-47.7246,52.2949,-20.9582,-20.896,20.7094,-31.5579,0.15213,-0.0465088,0.0324097,-103.22,0,0,38.7353,0
128786037,46.68,22.5116,103.18,-132.275,-50.0973,-47.6367,52.2949,-20.9582,-20.896,20.7094,-31.5579,-0.45639,-0.003479,0.0401001,-103.22,0,0,38.7138,0
128847377,46.68,22.5116,103.18,-132.275,-50.0973,-47.7246,52.2949,-20.9582,-20.896,20.7094,-31.5579,-0,-0.0532837,-0.00622559,-103.22,0,0,38.7138,0
128896079,46.68,22.5116,103.18,-132.275,-50.0973,-47.7246,52.2949,-20.9582,-20.896,20.7094,-31.5579,0.45639,-0.0582275,-0.00494385,-103.22,0,0,38.7138,0
128943596,46.68,22.5116,103.17,-132.275,-50.0973,-47.6367,52.2949,-20.9582,-20.896,20.7094,-31.5579,0.45639,-0.0135498,0.0349731,-103.21,0,0,38.7138,0
128999627,46.68,22.5116,103.18,-132.363,-50.0973,-47.6367,52.2949,-20.9582,-20.896,20.7094,-31.5579,-0.608521,-0.0375366,0.013916,-103.22,0,0,38.7138,0
129052808,46.68,22.5116,103.19,-132.275,-50.0973,-47.6367,52.2949,-20.9582,-20.896,20.7094,-31.5579,-0,-0.0488892,0.031311,-103.23,0,0,38.7138,0
129108774,46.68,22.5116,103.19,-132.275,-50.0973,-47.7246,52.2949,-20.9582,-20.896,20.7094,-31.5579,0.15213,-0.0443115,0.0322266,-103.22,0,0,38.7138,0
129168928,46.68,22.5116,103.18,-132.275,-50.1852,-47.7246,52.2949,-20.9582,-20.896,20.7094,-31.5579,-0.15213,-0.00640869,0.032959,-103.22,0,0,38.7138,0
129225958,46.68,22.5116,103.19,-132.275,-50.0973,-47.7246,52.2949,-20.9582,-20.896,20.7094,-31.5579,0.15213,-0.0688477,0.0184937,-103.23,0,0,38.7138,0
129278764,46.68,22.5116,103.19,-132.363,-50.0973,-47.6367,52.2949,-20.9582,-20.896,20.7094,-31.5579,0.45639,-0.0569458,0.0124512,-103.23,0,0,38.7138,0
129332692,46.68,22.5116,103.19,-132.275,-50.1852,-47.6367,52.2949,-20.9582,-20.896,20.7094,-31.5579,0.30426,-0.0452271,0.0252686,-103.22,0,0,38.7138,0
129373158,46.68,22.5116,103.19,-132.275,-50.1852,-47.6367,52.207,-20.9582,-20.896,20.7094,-31.5579,-0,-0.02948,0.0377197,-103.23,0,0,38.7138,0
129413948,46.68,22.5116,103.19,-132.275,-50.1852,-47.7246,52.207,-20.9582,-20.896,20.7094,-31.5579,-0.15213,-0.0541992,0.0228882,-103.23,0,0,38.7138,0
129462107,46.68,22.5116,103.19,-132.275,-50.1852,-47.6367,52.2949,-20.9582,-20.896,20.7094,-31.5579,-0,-0.0540161,0.0159302,-103.23,0,0,38.7138,0
129514651,46.68,22.5116,103.19,-132.275,-50.0973,-47.7246,52.207,-20.9582,-20.896,20.7094,-31.5579,-0,-0.0444946,0.0245361,-103.23,0,0,38.7138,0
129558177,46.68,22.5116,103.19,-132.275,-50.1852,-47.6367,52.2949,-20.9582,-20.896,20.7094,-31.5579,-0,-0.0430298,0.0184937,-103.23,0,0,38.7138,0
129602312,46.68,22.5116,103.2,-132.275,-50.1852,-47.6367,52.207,-20.9582,-20.896,20.7094,-31.5579,-0.30426,-0.0316772,0.0199585,-103.24,0,0,38.7138,0
129641849,46.68,22.5116,103.2,-132.275,-50.1852,-47.7246,52.2949,-20.9582,-20.896,20.7094,-31.5579,0.15213,-0.0432129,0.0269165,-103.24,0,0,38.7138,0
129698472,46.68,22.5116,103.2,-132.275,-50.1852,-47.6367,52.2949,-20.9582,-20.896,20.7094,-31.5579,-0,-0.0428467,0.0267334,-103.24,0,0,38.7138,0
129741851,46.68,22.5116,103.2,-132.275,-50.1852,-47.7246,52.2949,-20.9582,-20.896,20.7094,-31.5579,-0,-0.0490723,0.0214233,-103.24,0,0,38.7138,0
129792694,46.68,22.5116,103.2,-132.363,-50.1852,-47.7246,52.2949,-20.9582,-20.896,20.7094,-31.5579,-0.15213,-0.0432129,0.0183105,-103.24,0,0,38.7138,0
129838357,46.68,22.5116,103.2,-132.275,-50.0973,-47.6367,52.2949,-20.9582,-20.896,20.7094,-31.5579,-0,-0.0483398,0.0214233,-103.24,0,0,38.7138,0
129896947,46.68,22.5116,103.2,-132.275,-50.1852,-47.7246,52.2949,-20.9582,-20.896,20.7094,-31.5579,-0,-0.038269,0.0289307,-103.24,0,0,38.7138,0
129942045,46.68,22.5116,103.2,-132.275,-50.1852,-47.7246,52.2949,-20.9582,-20.896,20.7094,-31.5579,-0,-0.0375366,0.020874,-103.24,0,0,38.7138,0
129993089,46.68,22.5116,103.2,-132.275,-50.0973,-47.7246,52.207,-20.9582,-20.896,20.7094,-31.5579,-0,-0.0424805,0.0250854,-103.24,0,0,38.7138,0
130046949,46.68,22.5116,103.2,-132.275,-50.1852,-47.7246,52.2949,-20.9582,-20.896,20.7094,-31.5579,-0.15213,-0.0587769,0.0245361,-103.24,0,0,38.7138,0
130097653,46.68,22.5116,103.2,-132.275,-50.0973,-47.6367,52.2949,-20.9582,-20.896,20.7094,-31.5579,0.15213,-0.0380859,0.0239868,-103.24,0,0,38.7138,0
130142567,46.68,22.5116,103.2,-132.275,-50.1852,-47.7246,52.2949,-20.9582,-20.896,20.7094,-31.5579,-0.15213,-0.0371704,0.0302124,-103.24,0,0,38.7138,0
130195811,46.68,22.5116,103.2,-132.275,-50.0973,-47.6367,52.207,-20.9582,-20.896,20.7094,-31.5579,-0,-0.0514526,0.0227051,-103.24,0,0,38.7138,0
130240023,46.68,22.5116,103.2,-132.275,-50.0973,-47.7246,52.2949,-20.9582,-20.896,20.7094,-31.5579,-0.15213,-0.0446777,0.0285645,-103.24,0,0,38.7138,0
130290670,46.68,22.5116,103.2,-132.275,-50.0973,-47.6367,52.2949,-20.9582,-20.896,20.7094,-31.5579,-0.15213,-0.0454102,0.0261841,-103.25,0,0,38.7138,0
130336246,46.68,22.5116,103.2,-132.275,-50.0973,-47.7246,52.2949,-20.9582,-20.896,20.7094,-31.5579,0.15213,-0.0459595,0.0250854,-103.24,0,0,38.7138,0
130383343,46.68,22.5116,103.2,-132.363,-50.0973,-47.7246,52.2949,-20.9582,-20.896,20.7094,-31.5579,0.15213,-0.0443115,0.0263672,-103.24,0,0,38.7138,0
130428863,46.68,22.5116,103.2,-132.275,-50.0973,-47.6367,52.2949,-20.9582,-20.896,20.7094,-31.5579,-0,-0.0490723,0.0131836,-103.24,0,0,38.7138,0
130479192,46.68,22.5116,103.2,-132.275,-50.0973,-47.7246,52.2949,-20.9582,-20.896,20.7094,-31.5579,-0,-0.0448608,0.0250854,-103.24,0,0,38.7138,0
130529890,46.68,22.5116,103.2,-132.363,-50.0973,-47.7246,52.2949,-20.9582,-20.896,20.7094,-31.5579,-0.30426,-0.0494385,0.0307617,-103.25,0,0,38.7138,0
130564242,46.68,22.5116,103.21,-132.275,-50.1852,-47.6367,52.2949,-20.9582,-20.896,20.7094,-31.5579,0.15213,-0.0391846,0.0199585,-103.25,0,0,38.7138,0
130619290,46.68,22.5116,103.21,-132.275,-50.0973,-47.6367,52.2949,-20.9582,-20.896,20.7094,-31.5579,-0,-0.0518188,0.0245361,-103.25,0,0,38.7138,0
130673869,46.68,22.5116,103.21,-132.275,-50.0973,-47.6367,52.207,-20.9582,-20.896,20.7094,-31.5579,0.15213,-0.0452271,0.0230713,-103.25,0,0,38.7138,0
130727926,46.68,22.5116,103.21,-132.275,-50.1852,-47.8124,52.2949,-20.9582,-20.896,20.7094,-31.5579,0.30426,-0.0485229,0.0265503,-103.25,0,0,38.7138,0
130759848,46.68,22.5116,103.21,-132.275,-50.1852,-47.7246,52.2949,-20.9582,-20.896,20.7094,-31.5579,0.15213,-0.0419312,0.0168457,-103.25,0,0,38.7138,0
130803403,46.68,22.5116,103.21,-132.275,-50.0973,-47.7246,52.2949,-20.9582,-20.896,20.7094,-31.5579,0.15213,-0.0430298,0.0241699,-103.25,0,0,38.7138,0
130843913,46.68,22.5116,103.21,-132.275,-50.1852,-47.6367,52.2949,-20.9582,-20.896,20.7094,-31.5579,-0.30426,-0.0534668,0.0216064,-103.25,0,0,38.7138,0
130897033,46.68,22.5116,103.21,-132.275,-50.0973,-47.6367,52.2949,-20.9582,-20.896,20.7094,-31.5579,-0,-0.0465088,0.0276489,-103.25,0,0,38.7138,0
130942628,46.68,22.5116,103.21,-132.275,-50.1852,-47.6367,52.207,-20.9582,-20.896,20.7094,-31.5579,0.15213,-0.0426636,0.0250854,-103.25,0,0,38.7138,0
130987657,46.68,22.5116,103.21,-132.275,-50.0973,-47.6367,52.2949,-20.9582,-20.896,20.7094,-31.5579,-0,-0.0466919,0.0232544,-103.25,0,0,38.7138,0
131036259,46.68,22.5116,103.21,-132.275,-50.1852,-47.7246,52.2949,-20.9582,-20.896,20.7094,-31.5579,-0,-0.0371704,0.0234375,-103.25,0,0,38.7138,0
131082251,46.68,22.5116,103.21,-132.275,-50.1852,-47.7246,52.2949,-20.9582,-20.896,20.7094,-31.5579,-0,-0.0422974,0.0188599,-103.25,0,0,38.7138,0
131133016,46.68,22.5116,103.21,-132.275,-50.0973,-47.6367,52.207,-20.9582,-20.896,20.7094,-31.5579,-0,-0.050354,0.0212402,-103.25,0,0,38.7138,0
131174334,46.68,22.5116,103.21,-132.275,-50.1852,-47.7246,52.2949,-20.9582,-20.896,20.7094,-31.5579,-0,-0.0459595,0.015564,-103.25,0,0,38.7138,0
131223471,46.68,22.5116,103.21,-132.275,-50.0973,-47.6367,52.2949,-20.9582,-20.896,20.7094,-31.5579,-0,-0.0426636,0.0245361,-103.25,0,0,38.7138,0
131276401,46.68,22.5116,103.21,-132.363,-50.1852,-47.7246,52.2949,-20.9582,-20.896,20.7094,-31.5579,0.15213,-0.0410156,0.0239868,-103.25,0,0,38.7138,0
131323168,46.68,22.5116,103.21,-132.275,-50.0973,-47.6367,52.2949,-20.9582,-20.896,20.7094,-31.5579,0.30426,-0.0452271,0.0216064,-103.25,0,0,38.7138,0
131366262,46.68,22.5116,103.21,-132.275,-50.0973,-47.6367,52.2949,-20.9582,-20.896,20.7094,-31.5579,-0.15213,-0.0514526,0.0168457,-103.25,0,0,38.7138,0
131420320,46.68,22.5116,103.21,-132.275,-50.0973,-47.7246,52.2949,-20.9582,-20.896,20.7094,-31.5579,-0,-0.0421143,0.0239868,-103.25,0,0,38.7138,0
131472678,46.68,22.5116,103.21,-132.275,-50.1852,-47.7246,52.2949,-20.9582,-20.896,20.7094,-31.5579,-0.15213,-0.046875,0.0265503,-103.25,0,0,38.7138,0
131519637,46.68,22.5116,103.21,-132.275,-50.0973,-47.7246,52.207,-20.9582,-20.896,20.7094,-31.5579,-0,-0.0439453,0.0250854,-103.25,0,0,38.7138,0
131566745,46.68,22.5116,103.21,-132.275,-50.0973,-47.6367,52.2949,-20.9582,-20.896,20.7094,-31.5579,-0,-0.0441284,0.0258179,-103.25,0,0,38.7138,0
131624724,46.68,22.5116,103.21,-132.275,-50.1852,-47.6367,52.2949,-20.9582,-20.896,20.7094,-31.5579,-0,-0.0386353,0.0267334,-103.25,0,0,38.7138,0
131673194,46.68,22.5116,103.21,-132.275,-50.0973,-47.7246,52.2949,-20.9582,-20.896,20.7094,-31.5579,-0,-0.0415649,0.0183105,-103.25,0,0,38.7138,0
131722654,46.68,22.5116,103.21,-132.275,-50.0973,-47.6367,52.2949,-20.9582,-20.896,20.7094,-31.5579,-0.45639,-0.0523682,0.0166626,-103.25,0,0,38.7138,0
131766861,46.68,22.5116,103.22,-132.275,-50.1852,-47.6367,52.2949,-20.9582,-20.896,20.7094,-31.5579,0.15213,-0.0441284,0.03479,-103.26,0,0,38.7138,0
131806434,46.68,22.5116,103.22,-132.275,-50.1852,-47.7246,52.2949,-20.9582,-20.896,20.7094,-31.5579,-0,-0.0472412,0.0194092,-103.26,0,0,38.7138,0
131861116,46.68,22.5116,103.22,-132.275,-50.0973,-47.7246,52.2949,-20.9582,-20.896,20.7094,-31.5579,-0,-0.0510864,0.0195923,-103.26,0,0,38.7138,0
131915774,46.68,22.5116,103.22,-132.275,-50.1852,-47.7246,52.2949,-20.9582,-20.896,20.7094,-31.5579,-0,-0.041748,0.0267334,-103.26,0,0,38.7138,0
131967702,46.68,22.5116,103.22,-132.275,-50.1852,-47.6367,52.2949,-20.9582,-20.896,20.7094,-31.5579,-0,-0.0388184,0.0300293,-103.26,0,0,38.7138,0
132022092,46.68,22.5116,103.22,-132.275,-50.0973,-47.6367,52.2949,-20.9582,-20.896,20.7094,-31.5579,-0,-0.0428467,0.0307617,-103.26,0,0,38.7138,0
132071360,46.68,22.5116,103.22,-132.275,-50.1852,-47.6367,52.207,-20.9582,-20.896,20.7094,-31.5579,-0.15213,-0.0384521,0.0234375,-103.26,0,0,38.7138,0
132120721,46.68,22.5116,103.22,-132.275,-50.1852,-47.6367,52.207,-20.9582,-20.896,20.7094,-31.5579,0.30426,-0.0455933,0.0298462,-103.26,0,0,38.7138,0
132166298,46.68,22.5116,103.22,-132.275,-50.0973,-47.7246,52.2949,-20.9582,-20.896,20.7094,-31.5579,-0,-0.0547485,0.0232544,-103.26,0,0,38.7138,0
132207855,46.68,22.5116,103.22,-132.275,-50.1852,-47.6367,52.2949,-20.9582,-20.896,20.7094,-31.5579,-0.30426,-0.039917,0.022522,-103.26,0,0,38.7138,0
132257442,46.68,22.5116,103.22,-132.275,-50.0973,-47.7246,52.2949,-20.9582,-20.896,20.7094,-31.5579,0.15213,-0.0523682,0.0203247,-103.26,0,0,38.7138,0
132307989,46.68,22.5116,103.23,-132.275,-50.0973,-47.7246,52.2949,-20.9582,-20.896,20.7094,-31.5579,-0.15213,-0.0386353,0.0234375,-103.27,0,0,38.7138,0
132362356,46.68,22.5116,103.23,-132.275,-50.1852,-47.6367,52.2949,-20.9582,-20.896,20.7094,-31.5579,-0,-0.0404663,0.0256348,-103.27,0,0,38.7138,0
132418303,46.68,22.5116,103.23,-132.275,-50.1852,-47.7246,52.2949,-20.9582,-20.896,20.7094,-31.5579,-0,-0.036438,0.0285645,-103.27,0,0,38.7138,0
132474121,46.68,22.5116,103.23,-132.275,-50.0973,-47.6367,52.2949,-20.9582,-20.896,20.7094,-31.5579,-0.15213,-0.0465088,0.0300293,-103.27,0,0,38.7138,0
132523450,46.68,22.5116,103.23,-132.275,-50.1852,-47.7246,52.2949,-20.9582,-20.896,20.7094,-31.5579,0.15213,-0.0558472,0.020874,-103.27,0,0,38.7138,0
132567940,46.68,22.5116,103.23,-132.275,-50.0973,-47.8124,52.2949,-20.9582,-20.896,20.7094,-31.5579,-0,-0.0342407,0.0267334,-103.27,0,0,38.7138,0
132610645,46.68,22.5116,103.23,-132.275,-50.0973,-47.7246,52.207,-20.9582,-20.896,20.7094,-31.5579,-0,-0.0532837,0.0270996,-103.27,0,0,38.7138,0
132657792,46.68,22.5116,103.23,-132.275,-50.0973,-47.6367,52.207,-20.9582,-20.896,20.7094,-31.5579,-0,-0.0366211,0.0192261,-103.27,0,0,38.7138,0
132709208,46.68,22.5116,103.23,-132.275,-50.1852,-47.7246,52.2949,-20.9582,-20.896,20.7094,-31.5579,-0,-0.0377197,0.0168457,-103.27,0,0,38.7138,0
132760762,46.68,22.5116,103.23,-132.275,-50.0973,-47.6367,52.2949,-20.9582,-20.896,20.7094,-31.5579,-0,-0.0386353,0.0142822,-103.27,0,0,38.7138,0
132803620,46.68,22.5116,103.24,-132.275,-50.0973,-47.7246,52.207,-20.9582,-20.896,20.7094,-31.5579,0.15213,-0.0437622,0.0238037,-103.27,0,0,38.7138,0
132853627,46.68,22.5116,103.23,-132.275,-50.1852,-47.6367,52.207,-20.9582,-20.896,20.7094,-31.5579,-0.15213,-0.0408325,0.0153809,-103.28,0,0,38.7138,0
132899664,46.68,22.5116,103.24,-132.363,-50.0973,-47.7246,52.2949,-20.9582,-20.896,20.7094,-31.5579,-0.15213,-0.0450439,0.0245361,-103.28,0,0,38.7138,0
132956841,46.68,22.5116,103.24,-132.275,-50.1852,-47.7246,52.2949,-20.9582,-20.896,20.7094,-31.5579,-0,-0.0481567,0.0227051,-103.28,0,0,38.7138,0
133000120,46.68,22.5116,103.24,-132.275,-50.0973,-47.7246,52.2949,-20.9582,-20.896,20.7094,-31.5579,-0,-0.0346069,0.0228882,-103.28,0,0,38.7138,0
133054804,46.68,22.5116,103.24,-132.275,-50.0973,-47.6367,52.207,-20.9582,-20.896,20.7094,-31.5579,-0.15213,-0.0411987,0.0252686,-103.28,0,0,38.7138,0
133099162,46.68,22.5116,103.24,-132.275,-50.0973,-47.7246,52.2949,-20.9582,-20.896,20.7094,-31.5579,-0.15213,-0.043396,0.019043,-103.28,0,0,38.7138,0
133151429,46.68,22.5116,103.25,-132.275,-50.1852,-47.6367,52.2949,-20.9582,-20.896,20.7094,-31.5579,-0,-0.0461426,0.0181274,-103.29,0,0,38.7138,0
133199395,46.68,22.5116,103.25,-132.275,-50.0973,-47.6367,52.2949,-20.9582,-20.896,20.7094,-31.5579,-0.15213,-0.050354,0.0172119,-103.29,0,0,38.7138,0
133242843,46.68,22.5116,103.25,-132.275,-50.0973,-47.6367,52.207,-20.9582,-20.896,20.7094,-31.5579,-0.15213,-0.0455933,0.0217896,-103.29,0,0,38.7138,0
133285756,46.68,22.5116,103.25,-132.275,-50.0973,-47.6367,52.2949,-20.9582,-20.896,20.7094,-31.5579,0.15213,-0.0474243,0.0142822,-103.29,0,0,38.7138,0
133328748,46.68,22.5116,103.25,-132.275,-50.1852,-47.7246,52.2949,-20.9582,-20.896,20.7094,-31.5579,-0.15213,-0.0481567,0.0217896,-103.29,0,0,38.7138,0
133360558,46.68,22.5116,103.25,-132.275,-50.1852,-47.7246,52.2949,-20.9582,-20.896,20.7094,-31.5579,-0,-0.0411987,0.0153809,-103.29,0,0,38.7138,0
133399161,46.68,22.5116,103.25,-132.275,-50.0973,-47.7246,52.2949,-20.9582,-20.896,20.7094,-31.5579,-0.15213,-0.0470581,0.0177612,-103.29,0,0,38.7138,0
133440891,46.68,22.5116,103.26,-132.275,-50.1852,-47.6367,52.2949,-20.9582,-20.896,20.7094,-31.5579,-0.15213,-0.0391846,0.0214233,-103.3,0,0,38.7138,0
133495770,46.68,22.5116,103.26,-132.275,-50.1852,-47.7246,52.2949,-20.9582,-20.896,20.7094,-31.5579,0.15213,-0.0444946,0.0269165,-103.3,0,0,38.7138,0
133540207,46.68,22.5116,103.26,-132.275,-50.1852,-47.7246,52.2949,-20.9582,-20.896,20.7094,-31.5579,0.15213,-0.0415649,0.0245361,-103.3,0,0,38.7138,0
133590974,46.68,22.5116,103.26,-132.275,-50.1852,-47.7246,52.2949,-20.9582,-20.896,20.7094,-31.5579,-0.15213,-0.0474243,0.02948,-103.3,0,0,38.7138,0
133631031,46.68,22.5116,103.26,-132.275,-50.0973,-47.6367,52.2949,-20.9582,-20.896,20.7094,-31.5579,-0.15213,-0.038269,0.0296631,-103.3,0,0,38.7138,0
133686335,46.68,22.5116,103.26,-132.275,-50.1852,-47.7246,52.207,-20.9582,-20.896,20.7094,-31.5579,-0.30426,-0.0510864,0.0228882,-103.3,0,0,38.7138,0
133739184,46.68,22.5116,103.26,-132.275,-50.1852,-47.7246,52.2949,-20.9582,-20.896,20.7094,-31.5579,-0,-0.0457764,0.022522,-103.3,0,0,38.7138,0
133791747,46.68,22.5116,103.26,-132.275,-50.0973,-47.6367,52.207,-20.9582,-20.896,20.7094,-31.5579,0.30426,-0.0428467,0.026001,-103.3,0,0,38.7138,0
133832234,46.68,22.5116,103.26,-132.275,-50.1852,-47.7246,52.2949,-20.9582,-20.896,20.7094,-31.5579,0.15213,-0.0314941,0.0236206,-103.3,0,0,38.7138,0
133884265,46.68,22.5116,103.26,-132.275,-50.1852,-47.6367,52.2949,-20.9582,-20.896,20.7094,-31.5579,-0.15213,-0.0373535,0.0219727,-103.3,0,0,38.7138,0
133934626,46.68,22.5116,103.26,-132.275,-50.1852,-47.7246,52.2949,-20.9582,-20.896,20.7094,-31.5579,-0,-0.043396,0.0291138,-103.3,0,0,38.7138,0
133984248,46.68,22.5116,103.26,-132.275,-50.1852,-47.6367,52.2949,-20.9582,-20.896,20.7094,-31.5579,-0,-0.0430298,0.024353,-103.3,0,0,38.7138,0
134034546,46.68,22.5116,103.26,-132.275,-50.1852,-47.6367,52.2949,-20.9582,-20.896,20.7094,-31.5579,-0,-0.0344238,0.0333252,-103.3,0,0,38.7138,0
134089526,46.68,22.5116,103.26,-132.275,-50.1852,-47.7246,52.2949,-20.9582,-20.896,20.7094,-31.5579,-0,-0.0444946,0.0227051,-103.3,0,0,38.7138,0
134138845,46.68,22.5116,103.26,-132.275,-50.1852,-47.6367,52.207,-20.9582,-20.896,20.7094,-31.5579,0.15213,-0.0373535,0.0276489,-103.3,0,0,38.7138,0
134190492,46.68,22.5116,103.26,-132.363,-50.1852,-47.7246,52.2949,-20.9582,-20.896,20.7094,-31.5579,-0.30426,-0.0455933,0.0281982,-103.3,0,0,38.7138,0
134228773,46.68,22.5116,103.26,-132.275,-50.1852,-47.7246,52.2949,-20.9582,-20.896,20.7094,-31.5579,-0,-0.0401001,0.0254517,-103.3,0,0,38.7138,0
134279016,46.68,22.5116,103.26,-132.275,-50.1852,-47.7246,52.207,-20.9582,-20.896,20.7094,-31.5579,0.15213,-0.0430298,0.0201416,-103.3,0,0,38.7138,0
134329881,46.68,22.5116,103.26,-132.275,-50.1852,-47.8124,52.2949,-20.9582,-20.896,20.7094,-31.5579,-0,-0.0411987,0.0216064,-103.3,0,0,38.7138,0
134380606,46.68,22.5116,103.27,-132.275,-50.1852,-47.7246,52.2949,-20.9582,-20.896,20.7094,-31.5579,-0,-0.0384521,0.0276489,-103.31,0,0,38.7138,0
134425831,46.68,22.5116,103.27,-132.275,-50.1852,-47.7246,52.2949,-20.9582,-20.896,20.7094,-31.5579,-0.15213,-0.0419312,0.0228882,-103.31,0,0,38.7138,0
134482891,46.68,22.5116,103.27,-132.275,-50.0973,-47.7246,52.2949,-20.9582,-20.896,20.7094,-31.5579,-0,-0.0404663,0.0219727,-103.31,0,0,38.7138,0
134530457,46.68,22.5116,103.27,-132.275,-50.0973,-47.6367,52.2949,-20.9582,-20.896,20.7094,-31.5579,-0.15213,-0.0415649,0.0285645,-103.31,0,0,38.7138,0
134585685,46.68,22.5116,103.27,-132.275,-50.1852,-47.7246,52.2949,-20.9582,-20.896,20.7094,-31.5579,-0.30426,-0.0477905,0.0281982,-103.31,0,0,38.7138,0
134638499,46.68,22.5116,103.27,-132.275,-50.1852,-47.7246,52.2949,-20.9582,-20.896,20.7094,-31.5579,0.15213,-0.0443115,0.0296631,-103.31,0,0,38.7138,0
134688666,46.68,22.5116,103.27,-132.275,-50.1852,-47.7246,52.2949,-20.9582,-20.896,20.7094,-31.5579,-0,-0.0490723,0.0256348,-103.31,0,0,38.7138,0
134736680,46.68,22.5116,103.27,-132.275,-50.0973,-47.6367,52.2949,-20.9582,-20.896,20.7094,-31.5579,-0,-0.0485229,0.0252686,-103.31,0,0,38.7138,0
134790463,46.68,22.5116,103.27,-132.275,-50.1852,-47.6367,52.2949,-20.9582,-20.896,20.7094,-31.5579,-0.15213,-0.0488892,0.0206909,-103.31,0,0,38.7138,0
134837478,46.68,22.5116,103.27,-132.275,-50.1852,-47.7246,52.2949,-20.9582,-20.896,20.7094,-31.5579,0.15213,-0.041748,0.0280151,-103.32,0,0,38.7138,0
134895361,46.68,22.5116,103.28,-132.275,-50.0973,-47.6367,52.2949,-20.9582,-20.896,20.7094,-31.5579,-0,-0.0448608,0.0230713,-103.32,0,0,38.7138,0
134939870,46.68,22.5116,103.28,-132.275,-50.1852,-47.6367,52.2949,-20.9582,-20.896,20.7094,-31.5579,-0.15213,-0.0422974,0.027832,-103.32,0,0,38.7138,0
134992177,46.68,22.5116,103.28,-132.275,-50.1852,-47.6367,52.2949,-20.9582,-20.896,20.7094,-31.5579,0.15213,-0.0512695,0.0245361,-103.32,0,0,38.7138,0
135033816,46.68,22.5116,103.28,-132.275,-50.1852,-47.6367,52.2949,-20.9582,-20.896,20.7094,-31.5579,-0.15213,-0.0426636,0.0232544,-103.32,0,0,38.7138,0
135076613,46.68,22.5116,103.28,-132.275,-50.0973,-47.7246,52.2949,-20.9582,-20.896,20.7094,-31.5579,-0.15213,-0.0391846,0.0250854,-103.32,0,0,38.7138,0
135125094,46.68,22.5116,103.28,-132.275,-50.0973,-47.6367,52.2949,-20.9582,-20.896,20.7094,-31.5579,-0.15213,-0.039917,0.0241699,-103.32,0,0,38.7138,0
135172915,46.68,22.5116,103.28,-132.275,-50.1852,-47.6367,52.2949,-20.9582,-20.896,20.7094,-31.5579,-0,-0.0415649,0.0289307,-103.32,0,0,38.7138,0
135215264,46.68,22.5116,103.28,-132.275,-50.0973,-47.7246,52.2949,-20.9582,-20.896,20.7094,-31.5579,-0,-0.0466919,0.0368042,-103.32,0,0,38.7138,0
135265679,46.68,22.5116,103.28,-132.275,-50.0973,-47.6367,52.207,-20.9582,-20.896,20.7094,-31.5579,-0.15213,-0.0485229,0.0241699,-103.32,0,0,38.7138,0
135316242,46.68,22.5116,103.29,-132.275,-50.0973,-47.7246,52.207,-20.9582,-20.896,20.7094,-31.5579,0.30426,-0.0450439,0.0263672,-103.32,0,0,38.7138,0
135365867,46.68,22.5116,103.29,-132.275,-50.0973,-47.7246,52.2949,-20.9582,-20.896,20.7094,-31.5579,0.15213,-0.0413818,0.0258179,-103.33,0,0,38.7138,0
135419074,46.68,22.5116,103.29,-132.275,-50.0973,-47.6367,52.2949,-20.9582,-20.896,20.7094,-31.5579,-0.15213,-0.046875,0.0238037,-103.33,0,0,38.7138,0
135461231,46.68,22.5116,103.29,-132.275,-50.0973,-47.7246,52.207,-20.9582,-20.896,20.7094,-31.5579,-0.15213,-0.0371704,0.0256348,-103.33,0,0,38.7138,0
135502519,46.68,22.5116,103.29,-132.275,-50.1852,-47.7246,52.2949,-20.9582,-20.896,20.7094,-31.5579,0.15213,-0.0446777,0.0265503,-103.33,0,0,38.7138,0
135558183,46.68,22.5116,103.29,-132.275,-50.1852,-47.6367,52.2949,-20.9582,-20.896,20.7094,-31.5579,0.15213,-0.0432129,0.0258179,-103.33,0,0,38.7138,0
135601060,46.68,22.5116,103.29,-132.275,-50.0973,-47.7246,52.2949,-20.9582,-20.896,20.7094,-31.5579,-0,-0.0393677,0.0239868,-103.33,0,0,38.7138,0
135642621,46.68,22.5116,103.29,-132.363,-50.1852,-47.6367,52.2949,-20.9582,-20.896,20.7094,-31.5579,-0.30426,-0.043396,0.0195923,-103.33,0,0,38.7138,0
135691080,46.68,22.5116,103.29,-132.275,-50.0973,-47.7246,52.207,-20.9582,-20.896,20.7094,-31.5579,-0.15213,-0.0397339,0.0203247,-103.33,0,0,38.7138,0
135741505,46.68,22.5116,103.29,-132.275,-50.0973,-47.6367,52.2949,-20.9582,-20.896,20.7094,-31.5579,-0.15213,-0.0441284,0.027832,-103.33,0,0,38.7138,0
135788074,46.68,22.5116,103.29,-132.275,-50.1852,-47.7246,52.207,-20.9582,-20.896,20.7094,-31.5579,0.15213,-0.0404663,0.0298462,-103.33,0,0,38.7138,0
135822515,46.68,22.5116,103.3,-132.275,-50.0973,-47.7246,52.2949,-20.9582,-20.896,20.7094,-31.5579,0.30426,-0.0474243,0.0267334,-103.33,0,0,38.7138,0
135871611,46.68,22.5116,103.29,-132.275,-50.1852,-47.6367,52.2949,-20.9582,-20.896,20.7094,-31.5579,-0,-0.0474243,0.0239868,-103.33,0,0,38.7138,0
135919707,46.68,22.5116,103.3,-132.275,-50.1852,-47.6367,52.2949,-20.9582,-20.896,20.7094,-31.5579,-0,-0.0386353,0.0100708,-103.34,0,0,38.7138,0
135979020,46.68,22.5116,103.3,-132.275,-50.0973,-47.6367,52.207,-20.9582,-20.896,20.7094,-31.5579,-0.15213,-0.0404663,0.0217896,-103.34,0,0,38.7138,0
136009754,46.68,22.5116,103.3,-132.275,-50.1852,-47.7246,52.2949,-20.9582,-20.896,20.7094,-31.5579,-0.15213,-0.0494385,0.0228882,-103.34,0,0,38.7138,0
136059003,46.68,22.5116,103.3,-132.275,-50.1852,-47.6367,52.2949,-20.9582,-20.896,20.7094,-31.5579,-0.15213,-0.0498047,0.0267334,-103.34,0,0,38.7138,0
136107618,46.68,22.5116,103.3,-132.275,-50.1852,-47.6367,52.207,-20.9582,-20.896,20.7094,-31.5579,-0,-0.0393677,0.0192261,-103.34,0,0,38.7138,0
136163392,46.68,22.5116,103.3,-132.275,-50.0973,-47.6367,52.207,-20.9582,-20.896,20.7094,-31.5579,0.30426,-0.0360718,0.02948,-103.34,0,0,38.7138,0
136215830,46.68,22.5116,103.3,-132.275,-50.1852,-47.7246,52.2949,-20.9582,-20.896,20.7094,-31.5579,-0.15213,-0.0368042,0.0258179,-103.34,0,0,38.7138,0
136267180,46.68,22.5116,103.3,-132.275,-50.1852,-47.7246,52.2949,-20.9582,-20.896,20.7094,-31.5579,-0,-0.0488892,0.0130005,-103.34,0,0,38.7138,0
136326530,46.68,22.5116,103.3,-132.275,-50.0973,-47.6367,52.207,-20.9582,-20.896,20.7094,-31.5579,-0.15213,-0.0377197,0.0234375,-103.35,0,0,38.7138,0
136366490,46.68,22.5116,103.31,-132.275,-50.0973,-47.6367,52.2949,-20.9582,-20.896,20.7094,-31.5579,-0,-0.0448608,0.0162964,-103.35,0,0,38.7138,0
136407333,46.68,22.5116,103.31,-132.275,-50.1852,-47.6367,52.207,-20.9582,-20.896,20.7094,-31.5579,-0,-0.0455933,0.0311279,-103.35,0,0,38.7138,0
136460021,46.68,22.5116,103.31,-132.275,-50.0973,-47.6367,52.2949,-20.9582,-20.896,20.7094,-31.5579,-0.15213,-0.0422974,0.0311279,-103.35,0,0,38.7138,0
136516779,46.68,22.5116,103.31,-132.275,-50.0973,-47.6367,52.207,-20.9582,-20.896,20.7094,-31.5579,-0.15213,-0.0483398,0.0267334,-103.35,0,0,38.7138,0
136557582,46.68,22.5116,103.31,-132.275,-50.1852,-47.7246,52.207,-20.9582,-20.896,20.7094,-31.5579,-0.15213,-0.0441284,0.0254517,-103.35,0,0,38.7138,0
136605695,46.68,22.5116,103.31,-132.275,-50.1852,-47.7246,52.3828,-20.9582,-20.896,20.7094,-31.5579,-0.15213,-0.0485229,0.0289307,-103.35,0,0,38.7138,0
136656414,46.68,22.5116,103.31,-132.275,-50.1852,-47.7246,52.2949,-20.9582,-20.896,20.7094,-31.5579,0.15213,-0.0437622,0.0351562,-103.35,0,0,38.7138,0
136699212,46.68,22.5116,103.31,-132.275,-50.1852,-47.7246,52.2949,-20.9582,-20.896,20.7094,-31.5579,0.15213,-0.0384521,0.0164795,-103.35,0,0,38.7138,0
136742971,46.68,22.5116,103.32,-132.275,-50.1852,-47.7246,52.2949,-20.9582,-20.896,20.7094,-31.5579,-0.15213,-0.0461426,0.0302124,-103.36,0,0,38.7138,0
136788310,46.68,22.5116,103.32,-132.275,-50.1852,-47.7246,52.207,-20.9582,-20.896,20.7094,-31.5579,-0.15213,-0.0322266,0.0181274,-103.36,0,0,38.7138,0
136827226,46.68,22.5116,103.32,-132.275,-50.1852,-47.7246,52.2949,-20.9582,-20.896,20.7094,-31.5579,-0,-0.0483398,0.0236206,-103.36,0,0,38.7138,0
136876450,46.68,22.5116,103.32,-132.275,-50.1852,-47.6367,52.2949,-20.9582,-20.896,20.7094,-31.5579,-0,-0.0448608,0.0166626,-103.36,0,0,38.7138,0
136931178,46.68,22.5116,103.32,-132.275,-50.1852,-47.6367,52.2949,-20.9582,-20.896,20.7094,-31.5579,0.15213,-0.0494385,0.0236206,-103.36,0,0,38.7138,0
136980632,46.68,22.5116,103.32,-132.275,-50.0973,-47.7246,52.2949,-20.9582,-20.896,20.7094,-31.5579,0.30426,-0.0413818,0.0205078,-103.36,0,0,38.7138,0
137035243,46.68,22.5116,103.32,-132.275,-50.1852,-47.6367,52.2949,-20.9582,-20.896,20.7094,-31.5579,-0.15213,-0.0450439,0.0241699,-103.36,0,0,38.7138,0
137100290,46.68,22.5116,103.32,-132.275,-50.0973,-47.6367,52.2949,-20.9582,-20.896,20.7094,-31.5579,0.15213,-0.0435791,0.024353,-103.36,0,0,38.7138,0
137145518,46.68,22.5116,103.32,-132.275,-50.1852,-47.6367,52.207,-20.9582,-20.896,20.7094,-31.5579,-0,-0.0565796,0.019043,-103.36,0,0,38.7138,0
137192645,46.68,22.5116,103.32,-132.275,-50.1852,-47.7246,52.2949,-20.9582,-20.896,20.7094,-31.5579,-0,-0.0391846,0.0238037,-103.36,0,0,38.7138,0
137232366,46.68,22.5116,103.32,-132.275,-50.1852,-47.6367,52.207,-20.9582,-20.896,20.7094,-31.5579,-0,-0.0483398,0.0272827,-103.36,0,0,38.7138,0
137279108,46.68,22.5116,103.32,-132.275,-50.0973,-47.6367,52.207,-20.9582,-20.896,20.7094,-31.5579,-0,-0.0404663,0.0210571,-103.36,0,0,38.7138,0
137333323,46.68,22.5116,103.32,-132.275,-50.1852,-47.7246,52.2949,-20.9582,-20.896,20.7094,-31.5579,-0,-0.0422974,0.026001,-103.36,0,0,38.7138,0
137381863,46.68,22.5116,103.32,-132.275,-50.1852,-47.7246,52.207,-20.9582,-20.896,20.7094,-31.5579,-0.15213,-0.0342407,0.026001,-103.36,0,0,38.7138,0
137435344,46.68,22.5116,103.32,-132.275,-50.1852,-47.7246,52.207,-20.9582,-20.896,20.7094,-31.5579,-0,-0.0488892,0.0210571,-103.36,0,0,38.7138,0
137482418,46.68,22.5116,103.33,-132.275,-50.0973,-47.6367,52.207,-20.9582,-20.896,20.7094,-31.5579,0.30426,-0.0397339,0.0153809,-103.37,0,0,38.7138,0
137536032,46.68,22.5116,103.33,-132.275,-50.0973,-47.6367,52.207,-20.9582,-20.896,20.7094,-31.5579,-0.15213,-0.0419312,0.0199585,-103.37,0,0,38.7138,0
137590688,46.68,22.5116,103.33,-132.275,-50.1852,-47.7246,52.207,-20.9582,-20.896,20.7094,-31.5579,-0.15213,-0.0454102,0.0239868,-103.37,0,0,38.7138,0
137635599,46.68,22.5116,103.33,-132.275,-50.1852,-47.6367,52.2949,-20.9582,-20.896,20.7094,-31.5579,-0,-0.0384521,0.0281982,-103.37,0,0,38.7138,0
137679374,46.68,22.5116,103.33,-132.275,-50.1852,-47.6367,52.207,-20.9582,-20.896,20.7094,-31.5579,0.30426,-0.0472412,0.0223389,-103.37,0,0,38.7138,0
137731977,46.68,22.5116,103.33,-132.275,-50.0973,-47.6367,52.207,-20.9582,-20.896,20.7094,-31.5579,-0,-0.0411987,0.0228882,-103.37,0,0,38.7138,0
137787464,46.68,22.5116,103.33,-132.363,-50.0973,-47.7246,52.207,-20.9582,-20.896,20.7094,-31.5579,-0.30426,-0.0426636,0.0205078,-103.37,0,0,38.7138,0
137826692,46.68,22.5116,103.33,-132.275,-50.1852,-47.6367,52.207,-20.9582,-20.896,20.7094,-31.5579,-0,-0.0439453,0.0157471,-103.37,0,0,38.7138,0
137876566,46.68,22.5116,103.33,-132.275,-50.0973,-47.7246,52.2949,-20.9582,-20.896,20.7094,-31.5579,-0.15213,-0.0335083,0.0267334,-103.37,0,0,38.7138,0
137934114,46.68,22.5116,103.33,-132.275,-50.0973,-47.7246,52.2949,-20.9582,-20.896,20.7094,-31.5579,-0,-0.0435791,0.0256348,-103.37,0,0,38.7138,0
137986791,46.68,22.5116,103.33,-132.363,-50.1852,-47.7246,52.207,-20.9582,-20.896,20.7094,-31.5579,0.15213,-0.0463257,0.0336914,-103.37,0,0,38.7138,0
138039277,46.68,22.5116,103.33,-132.275,-50.1852,-47.7246,52.2949,-20.9582,-20.896,20.7094,-31.5579,0.15213,-0.0419312,0.0232544,-103.37,0,0,38.7138,0
138075769,46.68,22.5116,103.33,-132.275,-50.0973,-47.6367,52.2949,-20.9582,-20.896,20.7094,-31.5579,0.15213,-0.0406494,0.0216064,-103.37,0,0,38.7138,0
138130219,46.68,22.5116,103.33,-132.363,-50.1852,-47.8124,52.207,-20.9582,-20.896,20.7094,-31.5579,0.15213,-0.0292969,0.0212402,-103.37,0,0,38.7138,0
138174175,46.68,22.5116,103.33,-132.275,-50.0973,-47.7246,52.2949,-20.9582,-20.896,20.7094,-31.5579,-0,-0.0459595,0.0175781,-103.37,0,0,38.7138,0
138229923,46.68,22.5116,103.34,-132.275,-50.1852,-47.7246,52.2949,-20.9582,-20.896,20.7094,-31.5579,-0.15213,-0.0461426,0.0274658,-103.37,0,0,38.7138,0
138295296,46.68,22.5116,103.33,-132.275,-50.0973,-47.7246,52.207,-20.9582,-20.896,20.7094,-31.5579,0.15213,-0.0454102,0.0283813,-103.37,0,0,38.7138,0
138343003,46.68,22.5116,103.34,-132.275,-50.0973,-47.6367,52.2949,-20.9582,-20.896,20.7094,-31.5579,-0,-0.0452271,0.0201416,-103.38,0,0,38.7138,0
138406484,46.6923,22.5237,103.34,-132.275,-50.1852,-47.6367,52.2949,-20.7871,-20.6861,20.585,-31.3557,-0.15213,-0.00714111,0.0289307,-103.38,0,0,38.7138,0
138461037,46.6517,22.5174,103.17,-132.275,-53.7887,-46.7578,51.416,-19.9706,-19.8151,19.6673,-30.5547,84.8886,0.268616,-0.202515,-102.77,0,0,38.7138,0
138518154,46.6111,22.5555,100.27,-132.715,-53.7887,-46.7578,48.8672,-18.8507,-18.7419,18.6641,-29.5204,252.536,-0.600037,-1.7785,-98.86,0,0,38.7138,0
138560862,46.488,22.6649,95.23,-132.715,-53.8766,-46.9335,48.7793,-16.6111,-16.6111,16.6111,-27.6773,377.891,-0.684082,-0.285645,-93.06,0,0,38.6924,0
138603503,46.2492,22.8855,87.87,-132.715,-53.7008,-46.9335,48.8672,-13.3448,-13.5315,13.4926,-25.3443,503.703,-0.0560303,-0.542358,-84.96,0,0,38.6495,0
138653168,46.1871,22.8566,78.39,-132.715,-53.7008,-46.9335,48.7793,-10.2497,-10.6774,10.4986,-21.9537,590.265,-0.808044,-0.422424,-74.92,0,0,38.6281,0
138694692,46.055,23.0784,67.35,-132.715,-53.8766,-46.9335,48.7793,-6.60243,-7.50453,7.26345,-18.9441,644.727,-0.554443,-0.430664,-67.39,0,0,38.5852,0
138739208,45.7585,23.259,55.11,-132.803,-53.7887,-46.7578,48.7793,-2.7063,-3.85725,2.69074,-15.5456,697.973,-1.80652,0.641418,-55.15,0,0,38.5209,0
138795259,45.6621,23.3091,41.93,-132.715,-53.8766,-46.9335,48.6914,2.56631,0.909875,-2.26302,-9.87642,769.931,-2.16522,-0.695801,-37.4,0,0,38.4995,0
138840018,45.8728,23.8683,27.96,-132.715,-53.7008,-47.373,48.6914,7.83115,5.17929,-6.33024,-6.51688,785.752,-0.414185,0.735718,-23.33,0,0,38.3494,0
138887136,45.7589,24.0121,14.95,-128.76,-49.6579,-51.5917,53.5254,9.66645,6.56354,-8.39107,-5.07042,508.267,-4.08966,3.07489,-8.18,0,0,38.2208,0
138937876,45.8871,24.1156,2.79,-127.881,-49.57,-51.5917,53.7012,12.0695,8.37552,-10.1486,-3.37509,322.212,0.137146,0.579529,-0.74,0,0,38.1994,0
138992098,45.895,24.1185,-2.5,-127.969,-49.4821,-51.5039,53.4375,13.8114,9.96974,-11.7039,-1.71088,196.704,-1.17572,1.67706,3.74,0,0,38.1994,0
139036790,45.8595,24.0887,-5.69,-127.969,-49.57,-51.5039,53.5254,14.7135,10.9341,-12.6216,-0.645467,112.424,0.0117188,0.526611,6.38,0,0,38.1779,0
139081274,45.844,24.0587,-7.48,-127.969,-49.4821,-51.5039,53.5254,15.1724,11.4473,-13.0493,-0.0699904,56.2881,0.0569458,0.543823,7.82,0,0,38.1565,0
139133018,45.8147,24.0631,-8.52,-127.969,-49.57,-51.5039,53.4375,15.359,11.6651,-13.3371,0.186641,14.1481,-0.279968,0.060791,8.59,0,0,38.1565,0
139181230,45.7971,24.0624,-8.69,-127.881,-49.57,-51.5039,53.5254,15.3901,11.7039,-13.407,0.272185,-6.38947,-0.055481,0.0717773,8.62,0,0,38.1565,0
139232458,45.7971,24.0624,-8.55,-127.881,-49.6579,-51.5039,53.5254,15.3901,11.7039,-13.407,0.272185,-14.3002,-0.0666504,0.0238037,8.35,0,0,38.1565,0
139285247,45.792,24.0595,-8.21,-127.881,-49.4821,-51.5039,53.5254,15.3668,11.7039,-13.407,0.272185,-15.9737,-0.00311279,0.0695801,8.07,0,0,38.1565,0
139332566,45.792,24.0595,-7.92,-127.969,-49.57,-51.5039,53.5254,15.3668,11.7039,-13.407,0.272185,-15.8215,0.00933838,0.0924683,7.79,0,0,38.1565,0
139377532,45.7954,24.0614,-7.65,-127.793,-49.4821,-51.5039,53.4375,15.3668,11.7039,-13.407,0.256631,-12.3225,-0.0699463,0.00292969,7.54,0,0,38.1565,0
139428513,45.7988,24.0632,-7.41,-127.969,-49.57,-51.5039,53.4375,15.359,11.7039,-13.407,0.233301,-4.41177,-0.0827637,-0.0098877,7.34,0,0,38.1565,0
139475655,45.8039,24.0661,-7.35,-127.969,-49.57,-51.5039,53.5254,15.359,11.7039,-13.407,0.209971,0.760651,-0.0543823,0.0882568,7.31,0,0,38.1565,0
139525817,45.8022,24.0651,-7.37,-127.969,-49.6579,-51.5039,53.5254,15.359,11.7039,-13.407,0.217748,2.89047,-0.0194092,0.0314941,7.35,0,0,38.1565,0
139559493,45.8022,24.0651,-7.41,-127.969,-49.57,-51.5039,53.5254,15.359,11.7039,-13.407,0.217748,3.34686,-0.0117188,-0.0640869,7.39,0,0,38.1565,0
139612103,45.8022,24.0651,-7.48,-127.969,-49.57,-51.5039,53.4375,15.359,11.7039,-13.407,0.217748,1.5213,-0.065918,0.0831299,7.45,0,0,38.1565,0
139664507,45.8022,24.0651,-7.5,-127.969,-49.6579,-51.5039,53.4375,15.359,11.7039,-13.407,0.217748,-0.30426,-0.0391846,0.0692139,7.46,0,0,38.1565,0
139714938,45.8022,24.0651,-7.49,-127.969,-49.6579,-51.5039,53.5254,15.359,11.7039,-13.407,0.217748,-0.912781,-0.0358887,0.0267334,7.45,0,0,38.1565,0
139760511,45.8022,24.0651,-7.47,-127.969,-49.57,-51.5039,53.4375,15.359,11.7039,-13.407,0.217748,-0.760651,-0.0223389,0.0587769,7.43,0,0,38.1565,0
139806835,45.8022,24.0651,-7.47,-127.969,-49.6579,-51.5039,53.5254,15.359,11.7039,-13.407,0.217748,-0,-0.0441284,0.0424805,7.43,0,0,38.1565,0
139853182,45.8022,24.0651,-7.47,-127.969,-49.6579,-51.5039,53.5254,15.359,11.7039,-13.407,0.217748,0.30426,-0.0498047,0.0626221,7.44,0,0,38.1565,0
139890210,45.8022,24.0651,-7.48,-127.969,-49.57,-51.5039,53.4375,15.359,11.7039,-13.407,0.217748,-0,-0.0646362,0.038269,7.44,0,0,38.1565,0
139937330,45.8022,24.0651,-7.48,-127.969,-49.57,-51.5039,53.4375,15.359,11.7039,-13.407,0.217748,-0,-0.0437622,0.0307617,7.44,0,0,38.1565,0
139987535,45.8022,24.0651,-7.47,-127.969,-49.6579,-51.5039,53.4375,15.359,11.7039,-13.407,0.217748,-0,-0.0452271,0.0393677,7.43,0,0,38.1565,0
140023906,45.8022,24.0651,-7.47,-127.969,-49.4821,-51.5039,53.4375,15.359,11.7039,-13.407,0.217748,0.30426,-0.0477905,0.0270996,7.43,0,0,38.1565,0
140078013,45.8022,24.0651,-7.47,-127.969,-49.57,-51.5039,53.4375,15.359,11.7039,-13.407,0.217748,-0.30426,-0.0490723,0.0540161,7.43,0,0,38.1565,0
140125669,45.8022,24.0651,-7.47,-127.969,-49.57,-51.5039,53.4375,15.359,11.7039,-13.407,0.217748,-0,-0.0391846,0.0655518,7.43,0,0,38.1565,0
140167926,45.8022,24.0651,-7.47,-127.969,-49.57,-51.5039,53.4375,15.359,11.7039,-13.407,0.217748,-0.15213,-0.0501709,0.0565796,7.43,0,0,38.1565,0
140221943,45.8022,24.0651,-7.47,-127.969,-49.57,-51.5039,53.5254,15.359,11.7039,-13.407,0.217748,-0,-0.0395508,0.0446777,7.43,0,0,38.1565,0
140272763,45.8022,24.0651,-7.47,-127.969,-49.57,-51.5039,53.5254,15.359,11.7039,-13.407,0.217748,-0.15213,-0.0452271,0.0413818,7.43,0,0,38.1565,0
140325695,45.8022,24.0651,-7.47,-127.969,-49.57,-51.5039,53.4375,15.359,11.7039,-13.407,0.217748,-0,-0.0340576,0.0435791,7.43,0,0,38.1565,0
140370837,45.8022,24.0651,-7.47,-127.969,-49.57,-51.5039,53.4375,15.359,11.7039,-13.407,0.217748,-0.15213,-0.0441284,0.0150146,7.43,0,0,38.1565,0
140407438,45.8022,24.0651,-7.47,-127.969,-49.57,-51.5039,53.5254,15.359,11.7039,-13.407,0.217748,-0,-0.0355225,0.0406494,7.43,0,0,38.1565,0
140455815,45.8022,24.0651,-7.47,-127.969,-49.57,-51.5039,53.5254,15.359,11.7039,-13.407,0.217748,0.30426,-0.0401001,0.0501709,7.43,0,0,38.1565,0
140501204,45.8022,24.0651,-7.47,-127.969,-49.4821,-51.5039,53.4375,15.359,11.7039,-13.407,0.217748,0.15213,-0.0395508,0.0355225,7.42,0,0,38.1565,0
140557975,45.8022,24.0651,-7.46,-127.969,-49.57,-51.5039,53.5254,15.359,11.7039,-13.407,0.217748,-0,-0.0448608,0.0355225,7.42,0,0,38.1565,0
140611922,45.8022,24.0651,-7.46,-127.969,-49.6579,-51.5039,53.4375,15.359,11.7039,-13.407,0.217748,0.30426,-0.0424805,0.032959,7.42,0,0,38.1565,0
140650704,45.8011,24.0411,-7.46,-127.969,-49.57,-51.5039,53.5254,15.4134,11.7895,-13.407,0.342175,0.608521,0.00585938,-0.0719604,7.42,0,0,38.1565,0
140700862,45.8916,24.1808,-7.5,-127.969,-49.57,-51.5039,53.5254,15.6234,11.7506,-13.687,-0.116651,4.10751,-1.4209,0.349365,7.48,0,0,38.1565,0
140754416,45.9541,24.116,-6.18,-127.969,-49.3063,-51.6796,53.2617,13.306,10.2342,-11.8439,-2.3719,-223.023,-0.653503,1.80524,4.94,0,0,38.1565,0
140803503,46.0537,24.301,0.47,-127.881,-49.0426,-51.6796,53.2617,11.0896,7.98668,-9.97752,-5.35038,-362.982,-1.02686,0.0670166,-0.51,0,0,38.135,0
140850974,45.9359,24.2293,8.35,-127.881,-48.9547,-51.6796,53.4375,7.99446,4.83711,-6.99904,-7.80782,-483.47,-2.96063,1.2876,-8.39,0,0,38.1136,0
140903239,46.3692,24.5272,18.1,-127.969,-48.9547,-51.6796,53.4375,4.97709,1.96751,-3.42175,-12.4816,-599.241,-0.917358,-0.824158,-21.71,0,0,38.0922,0
140958751,46.4697,24.5025,29.3,-127.969,-48.8668,-51.6796,53.2617,0.287738,-2.7374,1.65644,-16.9221,-660.549,-0.292603,0.69635,-37.26,0,0,37.985,0
141014896,46.2893,24.4883,45.31,-128.057,-48.9547,-50.7128,53.2617,-3.22733,-6.43134,4.56493,-20.3594,-623.581,-1.51062,-2.04803,-49.26,0,0,37.8349,0
141063848,46.3272,24.677,58.17,-132.715,-52.8219,-46.9335,48.9551,-5.28039,-8.03334,6.35357,-23.2757,-361.309,-1.09753,-0.680786,-60.49,0,0,37.7063,0
141108790,46.2592,24.7376,64.11,-132.715,-52.8219,-47.0214,48.8672,-6.71908,-9.61201,7.66784,-25.2043,-222.414,0.582458,-0.618347,-65.58,0,0,37.7063,0
141166170,46.3728,24.6579,67.75,-132.715,-53.0856,-47.1093,48.8672,-8.16555,-10.623,8.95099,-26.2775,-106.339,-0.06427,-0.563599,-69.33,0,0,37.7063,0
141205375,46.3656,24.5944,69.87,-132.715,-53.0856,-47.1093,48.8672,-8.8499,-11.2451,9.42537,-26.8141,-73.7831,-0.280884,-0.365479,-70.38,0,0,37.7063,0
141256184,46.3821,24.5636,71.25,-132.715,-53.0856,-47.1093,48.8672,-9.1843,-11.5406,9.72089,-27.0396,-32.4037,-0.189148,-0.163513,-71.29,0,0,37.6849,0
141305031,46.3826,24.5172,71.58,-132.715,-53.0856,-47.0214,48.8672,-9.36316,-11.6962,9.79866,-27.0707,0.45639,-0.132202,-0.239136,-71.63,0,0,37.6849,0
141361604,46.3878,24.52,71.46,-132.715,-53.0856,-47.1093,48.8672,-9.37094,-11.6962,9.82199,-27.0785,11.2576,-0.0864258,-0.0598755,-71.5,0,0,37.6849,0
141415161,46.3878,24.52,71.22,-132.715,-53.0856,-47.1093,48.8672,-9.37094,-11.6962,9.82199,-27.0785,13.996,0.00439453,0.141541,-71.18,0,0,37.6635,0
141466649,46.3878,24.52,70.88,-132.715,-53.0856,-47.0214,48.8672,-9.37094,-11.6962,9.82199,-27.0785,12.7789,0.0686646,-0.0292969,-70.85,0,0,37.6635,0
141522953,46.3878,24.52,70.67,-132.715,-53.0856,-47.0214,48.8672,-9.37094,-11.6962,9.82199,-27.0785,8.97568,-0.0939331,0,-70.65,0,0,37.6635,0
141564978,46.3878,24.52,70.53,-132.715,-53.0856,-47.1093,48.8672,-9.37094,-11.6962,9.82199,-27.0785,4.41177,-0.0975952,0.0521851,-70.54,0,0,37.6635,0
141615567,46.3878,24.52,70.46,-132.715,-53.0856,-47.0214,48.9551,-9.37094,-11.6962,9.82199,-27.0785,0.30426,-0.0787354,0.118286,-70.5,0,0,37.6635,0
141659632,46.3878,24.52,70.47,-132.715,-53.0856,-47.1093,48.8672,-9.37094,-11.6962,9.82199,-27.0785,-1.36917,0.00476074,0.0470581,-70.51,0,0,37.6635,0
141703458,46.3878,24.52,70.49,-132.715,-53.0856,-47.1093,48.9551,-9.37094,-11.6962,9.82199,-27.0785,-1.97769,0.00732422,0.0102539,-70.54,0,0,37.6635,0
141758876,46.3878,24.52,70.53,-132.715,-53.0856,-47.0214,48.9551,-9.37094,-11.6962,9.82199,-27.0785,-0.760651,-0.0661011,-0.00622559,-70.58,0,0,37.6635,0
141800801,46.3878,24.52,70.54,-132.715,-53.0856,-47.1093,48.9551,-9.37094,-11.6962,9.82199,-27.0785,-0.45639,-0.0661011,0.0488892,-70.59,0,0,37.6635,0
141852741,46.3878,24.52,70.55,-132.715,-53.0856,-47.1093,48.9551,-9.37094,-11.6962,9.82199,-27.0785,0.30426,-0.0265503,0.0415649,-70.58,0,0,37.6635,0
141901713,46.3878,24.52,70.53,-132.715,-53.0856,-47.1093,48.9551,-9.37094,-11.6962,9.82199,-27.0785,1.21704,-0.0368042,-0.0194092,-70.56,0,0,37.6635,0
141955373,46.3878,24.52,70.52,-132.715,-53.0856,-47.1093,48.9551,-9.37094,-11.6962,9.82199,-27.0785,0.912781,-0.0410156,-0.00128174,-70.55,0,0,37.6635,0
141998448,46.3878,24.52,70.51,-132.715,-53.0856,-47.1093,48.9551,-9.37094,-11.6962,9.82199,-27.0785,-0.15213,-0.0595093,0.0375366,-70.55,0,0,37.6635,0
142047030,46.3878,24.52,70.51,-132.715,-53.0856,-47.0214,48.9551,-9.37094,-11.6962,9.82199,-27.0785,-0.15213,-0.0487061,0.0212402,-70.55,0,0,37.6635,0
142097988,46.3878,24.52,70.51,-132.715,-53.0856,-47.0214,48.9551,-9.37094,-11.6962,9.82199,-27.0785,-0,-0.0289307,-0.0146484,-70.55,0,0,37.6635,0
142140430,46.3878,24.52,70.51,-132.715,-53.0856,-47.0214,48.9551,-9.37094,-11.6962,9.82199,-27.0785,-0,-0.026001,0,-70.55,0,0,37.6635,0
142192600,46.3878,24.52,70.51,-132.715,-53.0856,-47.1093,48.9551,-9.37094,-11.6962,9.82199,-27.0785,0.15213,-0.0474243,0.0267334,-70.55,0,0,37.6635,0
142235711,46.3878,24.52,70.51,-132.715,-53.0856,-47.1972,48.9551,-9.37094,-11.6962,9.82199,-27.0785,-0,-0.0488892,0.0146484,-70.55,0,0,37.6635,0
142289497,46.3878,24.52,70.51,-132.715,-53.0856,-47.1972,48.9551,-9.37094,-11.6962,9.82199,-27.0785,0.15213,-0.0368042,0.0336914,-70.55,0,0,37.6635,0
142337887,46.3878,24.52,70.51,-132.715,-53.0856,-47.1093,48.9551,-9.37094,-11.6962,9.82199,-27.0785,0.15213,-0.0316772,0.0142822,-70.55,0,0,37.6635,0
142392883,46.3878,24.52,70.5,-132.715,-53.0856,-47.1093,48.9551,-9.37094,-11.6962,9.82199,-27.0785,-0,-0.0474243,0.0239868,-70.54,0,0,37.6635,0
142437752,46.3878,24.52,70.5,-132.715,-53.0856,-47.1093,48.9551,-9.37094,-11.6962,9.82199,-27.0785,0.15213,-0.113525,-0.00457764,-70.54,0,0,37.6635,0
142480790,46.4122,24.5436,70.5,-132.715,-53.0856,-47.0214,48.9551,-9.10653,-11.3384,9.60424,-26.8141,-1.06491,-1.07428,0.23584,-70.54,0,0,37.6635,0
142525286,46.3781,24.5627,69.92,-132.803,-53.1735,-47.1093,49.0429,-8.60882,-10.9263,9.1143,-26.4019,106.187,-0.95929,-0.64032,-69.34,0,0,37.6635,0
142561734,46.3161,24.5767,67.74,-132.715,-53.0856,-47.1093,49.1308,-7.88558,-10.4208,8.42218,-25.7798,149.24,-0.615967,-1.02539,-67.78,0,0,37.6635,0
142619869,46.3114,24.6712,64.52,-132.627,-53.0856,-47.1093,49.2187,-6.55577,-9.09875,7.24789,-24.6677,221.654,-0.398438,-0.454102,-63.26,0,0,37.6635,0
142665170,46.1979,24.7431,58.82,-132.715,-53.1735,-47.1093,49.2187,-4.89933,-7.54341,5.37371,-23.2446,275.051,0.450439,-0.329224,-57.23,0,0,37.6635,0
142720648,46.2513,24.8719,53.7,-132.627,-53.0856,-47.0214,49.2187,-2.90849,-5.74699,3.92724,-21.5259,312.171,0.192261,-0.456848,-51.89,0,0,37.6635,0
142774065,46.1266,25.0118,47.99,-132.627,-53.0856,-47.1093,49.2187,-0.61436,-3.67061,1.44647,-19.6129,349.747,0.690308,-1.0036,-43.93,0,0,37.6635,0
142826886,46.2172,25.1987,39.56,-132.627,-53.1735,-47.1093,49.2187,2.44966,-0.886545,-0.956535,-17.0154,399.189,0.125061,-1.28558,-37.26,0,0,37.6635,0
142876058,46.2417,25.4148,29.56,-132.627,-53.1735,-47.1093,49.3066,6.18248,2.49632,-4.35496,-13.7803,455.63,-0.561401,-1.7948,-29.6,0,0,37.6635,0
142927806,46.2855,25.5784,20.82,-132.627,-53.1735,-47.1093,49.3945,8.9821,5.03931,-6.9135,-11.3773,528.196,-0.973755,0.603516,-17.74,0,0,37.6635,0
142977474,46.3904,25.7887,11.12,-132.627,-53.1735,-47.1093,49.3066,12.8316,8.5155,-10.3897,-8.08778,574.596,-0.811157,-1.66315,-7.76,0,0,37.6635,0
143034214,46.4119,26.1373,-2.81,-132.627,-53.1735,-47.0214,49.3066,16.9688,12.2716,-14.9935,-4.57271,610.955,-0.69635,-0.751648,6.44,0,0,37.6635,0
143088513,46.6919,26.1907,-13.88,-132.627,-53.0856,-46.9335,49.2187,21.8215,16.7199,-18.8896,-0.287738,609.433,-1.73328,-0.579529,21.23,0,0,37.642,0
143136865,46.9208,26.2468,-28.54,-132.627,-53.0856,-47.0214,49.2187,26.1531,20.8805,-22.8635,3.55396,585.853,-1.08105,0.884216,32.06,0,0,37.642,0
143181822,47.1569,26.3454,-38.95,-131.924,-53.0856,-48.2519,49.2187,28.6961,22.8324,-25.1032,5.26483,467.344,-1.13507,1.20886,41.86,0,0,37.642,0
143225858,47.2414,26.4989,-46.6,-128.057,-49.3942,-48.955,53.2617,30.6325,24.4344,-27.3351,6.85128,295.589,0.779114,1.50549,48.43,0,0,37.642,0
143276904,47.2822,26.4935,-51.42,-127.881,-49.4821,-48.955,53.2617,32.2656,25.8498,-28.7349,8.33663,178.449,0.346436,-0.121033,52.52,0,0,37.642,0
143328474,47.2365,26.5034,-54.98,-127.881,-49.3942,-48.8671,53.2617,33.1132,26.7208,-29.5671,9.38649,82.6067,0.0682983,0.357056,55.47,0,0,37.642,0
143381589,47.2444,26.4969,-56.29,-127.881,-49.3942,-49.0429,53.2617,33.5176,27.1952,-30.0181,9.75977,39.4017,-0.216248,0.344238,56.51,0,0,37.642,0
143422326,47.2388,26.4939,-56.87,-127.881,-49.4821,-49.0429,53.2617,33.6887,27.3818,-30.1814,9.95419,9.5842,-0.0236206,0.115356,56.9,0,0,37.642,0
143475656,47.2468,26.4953,-56.91,-127.881,-49.4821,-48.955,53.1738,33.7431,27.3974,-30.2125,9.97752,-8.82355,-0.140442,0.0541992,56.87,0,0,37.642,0
143527436,47.2449,26.4959,-56.65,-127.793,-49.4821,-48.8671,53.2617,33.7354,27.3896,-30.2047,9.97752,-19.0163,0.0199585,0.136597,56.5,0,0,37.642,0
143578858,47.2449,26.4959,-56.3,-127.881,-49.3942,-49.0429,53.0859,33.7354,27.3896,-30.2047,9.97752,-21.2982,-0.00567627,0.0942993,56.13,0,0,37.642,0
143633050,47.2449,26.4959,-55.79,-127.881,-49.3942,-49.0429,53.2617,33.7354,27.3896,-30.2047,9.97752,-19.0163,-0.0888062,0.038269,55.63,0,0,37.642,0
143677182,47.2449,26.4959,-55.47,-127.881,-49.3063,-49.0429,53.1738,33.7354,27.3896,-30.2047,9.97752,-13.5396,-0.136963,0.0549316,55.35,0,0,37.642,0
143732339,47.2613,26.4884,-55.25,-127.881,-49.4821,-48.955,53.1738,33.7354,27.3896,-30.197,9.90753,-6.84586,0.0261841,-0.00292969,55.11,0,0,37.642,0
143783149,47.2703,26.4834,-55.08,-127.881,-49.3942,-49.0429,53.2617,33.7354,27.3896,-30.1892,9.86865,-3.0426,-0.00970459,-0.0527344,55.02,0,0,37.642,0
143828183,47.2703,26.4834,-55.04,-127.881,-49.4821,-49.0429,53.2617,33.7354,27.3896,-30.1892,9.86865,0.15213,-0.0302124,0.0100708,55,0,0,37.642,0
143878688,47.2703,26.4834,-55.04,-127.881,-49.3942,-48.955,53.1738,33.7354,27.3896,-30.1892,9.86865,1.67343,-0.0633545,0.0415649,55.01,0,0,37.642,0
143929873,47.2703,26.4834,-55.08,-127.881,-49.4821,-48.955,53.2617,33.7354,27.3896,-30.1892,9.86865,1.82556,-0.0611572,0.0166626,55.05,0,0,37.642,0
143978720,47.2703,26.4834,-55.11,-127.881,-49.4821,-48.955,53.1738,33.7354,27.3896,-30.1892,9.86865,1.36917,-0.0877075,0.0140991,55.08,0,0,37.642,0
144025165,47.2703,26.4834,-55.13,-127.881,-49.3063,-48.8671,53.2617,33.7354,27.3896,-30.1892,9.86865,1.06491,-0.0181274,0.0194092,55.1,0,0,37.642,0
144071182,47.2703,26.4834,-55.14,-127.881,-49.3942,-49.0429,53.2617,33.7354,27.3896,-30.1892,9.86865,0.30426,-0.0725098,0.0113525,55.1,0,0,37.642,0
144126161,47.2703,26.4834,-55.14,-127.881,-49.4821,-49.0429,53.2617,33.7354,27.3896,-30.1892,9.86865,-0.45639,-0.0814819,0.0474243,55.1,0,0,37.642,0
144161859,47.2703,26.4834,-55.13,-127.881,-49.3942,-49.0429,53.2617,33.7354,27.3896,-30.1892,9.86865,0.15213,-0.0615234,0.00769043,55.09,0,0,37.642,0
144210505,47.2703,26.4834,-55.13,-127.881,-49.3942,-48.955,53.1738,33.7354,27.3896,-30.1892,9.86865,0.15213,-0.0170288,0.0454102,55.09,0,0,37.642,0
144259108,47.2703,26.4834,-55.13,-127.881,-49.4821,-49.0429,53.2617,33.7354,27.3896,-30.1892,9.86865,0.15213,-0.060791,0.0373535,55.09,0,0,37.642,0
144308853,47.2703,26.4834,-55.13,-127.881,-49.4821,-49.0429,53.2617,33.7354,27.3896,-30.1892,9.86865,-0,-0.0446777,0.0287476,55.09,0,0,37.642,0
144373790,47.2703,26.4834,-55.13,-127.881,-49.3942,-49.0429,53.1738,33.7354,27.3896,-30.1892,9.86865,0.15213,-0.0595093,0.0391846,55.09,0,0,37.642,0
144430495,47.2403,26.5038,-55.13,-127.881,-49.4821,-49.0429,53.2617,33.7898,27.5296,-30.3681,10.0553,6.08521,-0.0882568,-0.654968,55.11,0,0,37.642,0
144468357,47.3231,26.5163,-55.41,-128.057,-49.4821,-48.5156,53.1738,33.5098,27.3118,-30.3136,9.44093,22.211,-1.20465,0.235107,55.52,0,0,37.642,0
144526608,47.2243,26.47,-55.03,-127.881,-49.3063,-50.8886,53.3496,32.6,26.4719,-29.1782,8.94322,-163.388,-0.0122681,0.00567627,53.29,0,0,37.642,0
144581505,47.267,26.5165,-50.86,-127.881,-48.9547,-50.8886,53.3496,31.1846,24.9866,-27.9417,7.39565,-262.272,-0.735901,1.46027,49.3,0,0,37.642,0
144634584,47.4296,26.5062,-43.74,-127.881,-49.0426,-50.8886,53.4375,29.2093,22.5602,-25.5854,4.82934,-376.522,-0.93457,0.549133,41.49,0,0,37.642,0
144691455,47.3866,26.4926,-36.63,-127.881,-48.9547,-50.8886,53.3496,26.0364,19.8228,-22.8402,1.92085,-490.62,0.52478,-0.630432,30.98,0,0,37.642,0
144738822,47.5097,26.4865,-24.79,-127.881,-49.0426,-50.8886,53.3496,22.0003,15.8645,-18.8119,-2.44966,-577.03,-0.445496,-0.108032,21.33,0,0,37.642,0
144783964,47.5963,26.4686,-14.09,-127.881,-48.9547,-50.8886,53.2617,18.7185,12.6994,-15.4834,-5.87919,-655.224,-1.39746,0.499512,10.17,0,0,37.642,0
144831634,47.759,26.4625,-2.13,-127.881,-48.9547,-50.8886,53.2617,15.359,8.55438,-10.9729,-9.53425,-714.099,-0.5495,1.37567,-2.12,0,0,37.5991,0
144872805,47.859,26.4831,10.8,-127.881,-48.9547,-51.416,53.1738,10.5219,4.82156,-7.0457,-14.4958,-760.803,-1.19073,0.172852,-15.34,0,0,37.5563,0
144922314,48.3073,26.4918,24.51,-127.969,-48.9547,-51.5917,53.1738,6.66464,1.17428,-1.82753,-18.6797,-773.125,-1.42438,1.53223,-29.13,0,0,37.5134,0
144984812,48.208,26.5543,42.49,-127.969,-48.9547,-51.5917,53.1738,0.715457,-4.34718,3.18067,-24.6833,-736.614,-0.666138,1.22461,-46.86,0,0,37.3848,0
145036663,48.4156,26.8192,59.78,-128.848,-48.9547,-50.8886,49.4824,-3.11846,-8.29775,8.28997,-29.0693,-706.949,-0.466003,-5.0127,-59.82,0,0,37.299,0
145093931,48.535,26.6523,70.43,-132.451,-52.734,-46.9335,48.5156,-5.77032,-10.0164,10.1331,-31.0835,-440.721,-4.12573,0.630066,-73.22,0,0,37.299,0
145138889,48.4373,26.6638,79.45,-132.363,-53.1735,-47.8124,48.3398,-7.45009,-11.7039,11.4629,-33.1988,-285.853,-0.347351,-2.14819,-79.49,0,0,37.299,0
145192208,48.5173,26.7298,83.4,-132.363,-53.1735,-47.8124,48.3398,-8.56216,-12.6449,12.7927,-34.3886,-144.676,-0.0446777,-0.929993,-84.35,0,0,37.299,0
145237997,48.572,26.6325,85.74,-132.363,-53.1735,-47.8124,48.3398,-9.4487,-13.4615,13.5237,-34.9174,-81.3896,-0.107666,-0.560486,-86.31,0,0,37.299,0
145296134,48.5816,26.5496,87.31,-132.363,-53.1735,-47.8124,48.2519,-10.032,-14.0136,13.8814,-35.2907,-28.2962,-0.120117,-0.352112,-87.54,0,0,37.299,0
145342806,48.5929,26.5253,87.73,-132.363,-53.1735,-47.8124,48.2519,-10.2108,-14.1769,14.0136,-35.384,-4.71603,-0.278687,-0.118286,-87.82,0,0,37.299,0
145396771,48.5881,26.5252,87.69,-132.363,-53.0856,-47.9003,48.2519,-10.2108,-14.2003,14.0214,-35.3996,9.43207,-0.0516357,-0.0410156,-87.73,0,0,37.299,0
145451153,48.5869,26.5267,87.48,-132.275,-53.0856,-47.8124,48.2519,-10.203,-14.2003,14.0214,-35.3996,14.1481,0.100342,0.0408325,-87.44,0,0,37.299,0
145497988,48.5869,26.5267,87.22,-132.363,-53.0856,-47.8124,48.2519,-10.203,-14.2003,14.0214,-35.3996,14.3002,0.00531006,0.0547485,-87.18,0,0,37.299,0
145538400,48.5869,26.5267,86.98,-132.363,-53.0856,-47.8124,48.3398,-10.203,-14.2003,14.0214,-35.3996,10.8012,-0.088623,-0.0128174,-86.95,0,0,37.299,0
145588841,48.5869,26.5267,86.74,-132.363,-53.1735,-47.9003,48.3398,-10.203,-14.2003,14.0214,-35.3996,8.0629,-0.109497,0.003479,-86.78,0,0,37.299,0
145628713,48.5869,26.5267,86.65,-132.363,-53.1735,-47.8124,48.2519,-10.203,-14.2003,14.0214,-35.3996,6.38947,-0.132385,0.000366211,-86.65,0,0,37.299,0
145675557,48.5869,26.5267,86.52,-132.363,-53.0856,-47.8124,48.2519,-10.203,-14.2003,14.0214,-35.3996,3.95538,0.0124512,0.0576782,-86.56,0,0,37.299,0
145718678,48.5869,26.5267,86.48,-132.363,-53.0856,-47.8124,48.2519,-10.203,-14.2003,14.0214,-35.3996,2.12982,-0.00256348,0.062439,-86.51,0,0,37.299,0
145763663,48.5869,26.5267,86.45,-132.363,-53.1735,-47.8124,48.3398,-10.203,-14.2003,14.0214,-35.3996,-0,-0.0432129,0.0287476,-86.49,0,0,37.299,0
145818088,48.5869,26.5267,86.45,-132.363,-53.1735,-47.8124,48.2519,-10.203,-14.2003,14.0214,-35.3996,-0.30426,-0.0686646,-0.00732422,-86.5,0,0,37.299,0
145861031,48.5869,26.5267,86.46,-132.363,-53.1735,-47.8124,48.3398,-10.203,-14.2003,14.0214,-35.3996,-0.608521,-0.0880737,0.00292969,-86.5,0,0,37.299,0
145918215,48.5869,26.5267,86.47,-132.275,-53.1735,-47.8124,48.2519,-10.203,-14.2003,14.0214,-35.3996,0.608521,0,0.0230713,-86.51,0,0,37.299,0
145983722,48.5869,26.5267,86.45,-132.363,-53.1735,-47.8124,48.2519,-10.203,-14.2003,14.0214,-35.3996,0.760651,-0.0249023,0.0291138,-86.48,0,0,37.299,0
146035012,48.5869,26.5267,86.44,-132.363,-53.1735,-47.8124,48.3398,-10.203,-14.2003,14.0214,-35.3996,0.15213,-0.0256348,0.0411987,-86.48,0,0,37.299,0
146080683,48.5869,26.5267,86.44,-132.363,-53.0856,-47.8124,48.2519,-10.203,-14.2003,14.0214,-35.3996,-0.15213,-0.0629883,0.0448608,-86.48,0,0,37.299,0
146137973,48.5869,26.5267,86.44,-132.363,-53.1735,-47.8124,48.2519,-10.203,-14.2003,14.0214,-35.3996,0.30426,-0.0236206,0.00238037,-86.48,0,0,37.299,0
146191003,48.5869,26.5267,86.44,-132.363,-53.0856,-47.9003,48.3398,-10.203,-14.2003,14.0214,-35.3996,-0,-0.0455933,0.0128174,-86.48,0,0,37.299,0
146234445,48.5869,26.5267,86.44,-132.363,-53.0856,-47.8124,48.2519,-10.203,-14.2003,14.0214,-35.3996,0.15213,-0.0285645,0.0219727,-86.48,0,0,37.299,0
146281533,48.5869,26.5267,86.44,-132.363,-53.0856,-47.8124,48.3398,-10.203,-14.2003,14.0214,-35.3996,-0.15213,-0.055481,0.0258179,-86.48,0,0,37.299,0
146338008,48.5869,26.5267,86.44,-132.275,-53.0856,-47.8124,48.2519,-10.203,-14.2003,14.0214,-35.3996,-0,-0.0270996,0.0230713,-86.48,0,0,37.299,0
146390885,48.5869,26.5267,86.43,-132.363,-53.0856,-47.8124,48.2519,-10.203,-14.2003,14.0214,-35.3996,-0,-0.0494385,0.0360718,-86.47,0,0,37.299,0
146435571,48.5869,26.5267,86.43,-132.363,-53.0856,-47.8124,48.3398,-10.203,-14.2003,14.0214,-35.3996,-0,-0.0591431,0.0351562,-86.47,0,0,37.299,0
146478968,48.5869,26.5267,86.43,-132.275,-53.0856,-47.8124,48.2519,-10.203,-14.2003,14.0214,-35.3996,0.30426,-0.043396,0.0228882,-86.47,0,0,37.299,0
146534577,48.5869,26.5267,86.43,-132.363,-53.1735,-47.8124,48.2519,-10.203,-14.2003,14.0214,-35.3996,-0,-0.036438,0.0303955,-86.47,0,0,37.299,0
146588479,48.5869,26.5267,86.43,-132.363,-53.0856,-47.8124,48.2519,-10.203,-14.2003,14.0214,-35.3996,0.15213,-0.0457764,0.0285645,-86.47,0,0,37.299,0
146631762,48.5869,26.5267,86.43,-132.363,-53.0856,-47.8124,48.3398,-10.203,-14.2003,14.0214,-35.3996,-0,-0.0402832,0.00732422,-86.47,0,0,37.299,0
146687353,48.5869,26.5267,86.43,-132.363,-53.0856,-47.8124,48.2519,-10.203,-14.2003,14.0214,-35.3996,-0,-0.0444946,0.0252686,-86.47,0,0,37.299,0
146735782,48.5869,26.5267,86.43,-132.363,-53.0856,-47.8124,48.3398,-10.203,-14.2003,14.0214,-35.3996,0.15213,-0.0474243,0.00805664,-86.47,0,0,37.299,0
146788354,48.5869,26.5267,86.43,-132.275,-53.0856,-47.8124,48.3398,-10.203,-14.2003,14.0214,-35.3996,-0.15213,-0.0454102,0.0172119,-86.47,0,0,37.299,0
146845203,48.5869,26.5267,86.43,-132.363,-53.0856,-47.8124,48.3398,-10.203,-14.2003,14.0214,-35.3996,0.15213,-0.0307617,0.0318604,-86.47,0,0,37.299,0
146900596,48.5869,26.5267,86.43,-132.275,-53.0856,-47.8124,48.2519,-10.203,-14.2003,14.0214,-35.3996,-0.15213,-0.0441284,0.0256348,-86.47,0,0,37.299,0
146947137,48.5869,26.5267,86.43,-132.363,-53.0856,-47.8124,48.3398,-10.203,-14.2003,14.0214,-35.3996,-0,-0.0373535,0.0227051,-86.47,0,0,37.299,0
146997990,48.5869,26.5267,86.42,-132.363,-53.0856,-47.8124,48.3398,-10.203,-14.2003,14.0214,-35.3996,-0,-0.0390015,0.0270996,-86.46,0,0,37.299,0
147056818,48.5869,26.5267,86.42,-132.363,-53.0856,-47.8124,48.3398,-10.203,-14.2003,14.0214,-35.3996,0.15213,-0.0289307,0.0157471,-86.46,0,0,37.299,0
147115963,48.5869,26.5267,86.42,-132.363,-53.0856,-47.8124,48.2519,-10.203,-14.2003,14.0214,-35.3996,-0,-0.0459595,0.0210571,-86.46,0,0,37.299,0
147161297,48.5869,26.5267,86.42,-132.363,-53.0856,-47.8124,48.2519,-10.203,-14.2003,14.0214,-35.3996,-0.15213,-0.088623,0.0102539,-86.46,0,0,37.299,0
147215759,48.5783,26.5418,86.42,-132.363,-53.0856,-47.8124,48.2519,-10.2964,-14.3091,14.1381,-35.5707,0.30426,-0.0525513,0.0172119,-86.46,0,0,37.299,0
147269086,48.5791,26.5486,86.44,-132.363,-53.0856,-47.8124,48.2519,-10.4752,-14.4569,14.3014,-35.7806,-2.28195,0.0569458,0.0814819,-86.48,0,0,37.299,0
147305609,48.5945,26.5606,86.49,-132.363,-53.0856,-47.8124,48.3398,-10.5063,-14.4647,14.3869,-35.804,-6.99799,-0.0391846,0.032959,-86.58,0,0,37.299,0
147361496,48.5937,26.5527,86.62,-132.363,-53.0856,-47.8124,48.2519,-10.5452,-14.5191,14.418,-35.8273,-4.41177,-0.0541992,-0.0113525,-86.73,0,0,37.299,0
147421893,48.591,26.5566,86.74,-133.682,-53.0856,-44.8242,48.3398,-10.5685,-14.5502,14.4491,-35.874,-1.36917,0.453369,-0.482483,-86.8,0,0,37.299,0
147474944,48.5334,26.5591,86.87,-159.609,-50.7125,-16.1718,46.582,-10.4675,-14.6202,14.3869,-35.9206,-20.3854,-0.026001,0.00274658,-87.03,0,0,37.299,0
147521466,48.5058,26.5376,87.31,-176.572,-25.2243,2.02153,29.0918,-10.4208,-14.7524,14.3791,-35.8429,-24.1887,-0.172852,-0.078186,-87.51,0,0,37.299,0
147579781,48.6647,26.5253,87.6,177.627,0.351906,5.62505,2.54881,-10.4519,-14.5813,14.4491,-35.4774,19.6248,-0.100891,0.373718,-87.47,0,0,37.299,0
147627621,48.8353,26.5306,87.25,177.978,7.64683,1.93364,-6.15236,-10.4986,-14.5424,14.4958,-34.9252,-1.97769,0.0908203,0.142456,-87.29,0,0,37.299,0
147673240,48.9343,26.5277,87.4,178.682,5.62534,0.527394,-2.72463,-10.553,-14.488,14.5502,-34.6919,-6.69373,-0.170837,-0.177063,-87.44,0,0,37.299,0
147720874,48.9343,26.5277,87.41,178.682,1.14292,0.527394,-2.28518,-10.553,-14.488,14.5502,-34.6919,5.02029,-0.00183105,-0.0463257,-87.42,0,0,37.299,0
147767144,48.9343,26.5277,87.37,178.682,-0.0875469,0.527394,-2.19728,-10.553,-14.488,14.5502,-34.6919,-4.25964,-0.0126343,-0.0807495,-87.43,0,0,37.299,0
147821377,48.9343,26.5277,87.41,178.682,-0.0875469,0.527394,-2.19728,-10.553,-14.488,14.5502,-34.6919,2.12982,-0.0488892,-0.055481,-87.44,0,0,37.299,0
147863305,48.9343,26.5277,87.38,178.682,-0.0875469,0.527394,-2.19728,-10.553,-14.488,14.5502,-34.6919,-0.30426,-0.0681152,0.00933838,-87.42,0,0,37.299,0
147916448,48.9343,26.5277,87.39,178.682,-0.0875469,0.527394,-2.19728,-10.553,-14.488,14.5502,-34.6919,0.30426,-0.0181274,-0.0681152,-87.44,0,0,37.299,0
147949691,48.9343,26.5277,87.4,178.77,-0.0875469,0.527394,-2.10939,-10.553,-14.488,14.5502,-34.6919,1.36917,-0.0302124,0.0175781,-87.43,0,0,37.299,0
147998439,48.9343,26.5277,87.38,178.682,0.00034375,0.527394,-2.19728,-10.553,-14.488,14.5502,-34.6919,-0.45639,-0.0536499,0.0161133,-87.42,0,0,37.299,0
148044064,48.9343,26.5277,87.38,178.682,-0.0875469,0.527394,-2.10939,-10.553,-14.488,14.5502,-34.6919,0.760651,-0.0613403,0.0203247,-87.42,0,0,37.299,0
148095661,48.9343,26.5277,87.37,178.682,-0.0875469,0.527394,-2.19728,-10.553,-14.488,14.5502,-34.6919,-0.30426,-0.0340576,0.0432129,-87.41,0,0,37.299,0
148139292,48.9343,26.5277,87.37,178.682,-0.0875469,0.527394,-2.19728,-10.553,-14.488,14.5502,-34.6919,0.30426,-0.0322266,0.0499878,-87.41,0,0,37.299,0
148192009,48.9343,26.5277,87.36,178.682,0.00034375,0.527394,-2.10939,-10.553,-14.488,14.5502,-34.6919,-0,-0.0551147,0.102356,-87.4,0,0,37.299,0
148234062,48.9343,26.5277,87.36,178.77,-0.0875469,0.527394,-2.19728,-10.553,-14.488,14.5502,-34.6919,-0.30426,-0.0606079,0.0598755,-87.4,0,0,37.299,0
148286334,48.9343,26.5277,87.36,178.682,-0.0875469,0.527394,-2.19728,-10.553,-14.488,14.5502,-34.6919,-0,-0.0263672,0.0357056,-87.4,0,0,37.299,0
148334521,48.9343,26.5277,87.36,178.682,0.00034375,0.439503,-2.10939,-10.553,-14.488,14.5502,-34.6919,-0.15213,-0.0490723,0.00878906,-87.4,0,0,37.299,0
148379485,48.9343,26.5277,87.37,178.682,-0.0875469,0.527394,-2.19728,-10.553,-14.488,14.5502,-34.6919,0.15213,-0.0428467,0.00494385,-87.4,0,0,37.299,0
148424604,48.9343,26.5277,87.36,178.77,0.00034375,0.527394,-2.19728,-10.553,-14.488,14.5502,-34.6919,-0.15213,-0.0419312,0.0108032,-87.4,0,0,37.299,0
148480965,48.9343,26.5277,87.37,178.682,-0.0875469,0.527394,-2.19728,-10.553,-14.488,14.5502,-34.6919,-0,-0.0311279,0.0335083,-87.41,0,0,37.299,0
148530411,48.9343,26.5277,87.36,178.682,-0.0875469,0.527394,-2.19728,-10.553,-14.488,14.5502,-34.6919,0.15213,-0.0455933,0.0281982,-87.4,0,0,37.299,0
148570018,48.9343,26.5277,87.37,178.77,-0.0875469,0.527394,-2.19728,-10.553,-14.488,14.5502,-34.6919,0.15213,-0.0360718,0.0151978,-87.41,0,0,37.299,0
148608922,48.9343,26.5277,87.37,178.682,0.00034375,0.527394,-2.19728,-10.553,-14.488,14.5502,-34.6919,0.15213,-0.0402832,0.0162964,-87.41,0,0,37.299,0
148660321,48.9343,26.5277,87.37,178.682,-0.0875469,0.527394,-2.19728,-10.553,-14.488,14.5502,-34.6919,-0,-0.0272827,0.0232544,-87.41,0,0,37.299,0
148720112,48.9343,26.5277,87.37,178.682,0.00034375,0.527394,-2.19728,-10.553,-14.488,14.5502,-34.6919,-0,-0.052002,0.0234375,-87.41,0,0,37.299,0
148764516,48.9343,26.5277,87.37,178.682,0.00034375,0.527394,-2.19728,-10.553,-14.488,14.5502,-34.6919,-0.15213,-0.0498047,0.0300293,-87.41,0,0,37.299,0
148825881,48.9343,26.5277,87.37,178.682,-0.0875469,0.527394,-2.19728,-10.553,-14.488,14.5502,-34.6919,-0,-0.0366211,0.0210571,-87.41,0,0,37.299,0
148879366,48.9343,26.5277,87.37,178.682,-0.0875469,0.527394,-2.19728,-10.553,-14.488,14.5502,-34.6919,0.30426,-0.0377197,0.0265503,-87.41,0,0,37.299,0
148934443,48.9577,26.5271,87.37,179.385,-0.966453,-0.790966,-1.58205,-10.5608,-14.4569,14.5813,-34.6686,-0.760651,-0.661194,-0.188965,-87.41,0,0,37.299,0
148991784,49.0431,26.5463,87.35,-158.994,-19.2477,-21.0937,23.291,-10.5608,-14.0447,14.4958,-34.6375,16.1258,-0.285828,-0.413818,-87.3,0,0,37.299,0
149034199,48.9567,26.6561,86.72,-131.133,-46.1422,-47.5488,50.8008,-9.82976,-13.3526,13.8037,-34.4819,102.231,-0.552246,-0.528992,-86.2,0,0,37.299,0
149099881,48.971,26.715,83.55,-124.453,-59.8532,-54.6679,56.1621,-8.70992,-12.0539,12.7383,-33.3543,198.834,0.259094,-0.929626,-82.46,0,0,37.299,0
149154493,48.9242,26.7622,78.33,-128.32,-53.3493,-51.9433,51.3281,-6.76574,-10.3819,10.9807,-31.6434,265.467,-0.0986938,-0.135315,-76.8,0,0,37.299,0
149196250,48.8899,26.8289,73.42,-128.496,-52.4704,-51.7675,50.7129,-4.82156,-8.58549,9.13764,-29.987,295.437,-0.245544,-0.2677,-71.69,0,0,37.299,0
149245661,48.8757,26.8668,67.96,-128.584,-52.4704,-51.7675,50.8008,-3.1729,-7.01459,7.54341,-28.4861,325.254,-0.103455,-0.751648,-66.08,0,0,37.299,0
149300216,48.7849,26.9046,60.03,-128.584,-52.4704,-51.6796,50.8887,-0.894322,-4.89933,5.07042,-26.4641,348.074,-0.326294,-0.568909,-57.98,0,0,37.299,0
149350074,48.7843,26.9714,53.66,-128.672,-52.4704,-51.5917,50.8887,1.47758,-2.64408,2.81517,-24.3256,360.244,-1.77905,0.383789,-51.55,0,0,37.299,0
149399007,48.9327,27.0629,44.87,-128.672,-52.4704,-51.5917,50.8887,4.42495,0.202194,0.52104,-21.6426,370.437,-0.293884,0.132202,-44.91,0,0,37.299,0
149447306,48.823,27.1186,38.26,-128.672,-52.4704,-51.5917,50.8887,6.40801,2.01417,-1.78864,-19.8617,337.425,0.667419,-0.294983,-36.24,0,0,37.299,0
149491858,48.9572,27.232,32.28,-128.76,-52.4704,-51.5917,50.8887,8.81101,4.17609,-3.58506,-17.9486,315.974,-0.189697,0.135498,-30.41,0,0,37.299,0
149547284,48.9636,27.3309,26.54,-128.76,-52.4704,-51.5917,50.9765,11.1051,6.16693,-5.72366,-16.0278,330.427,-0.287842,0.211304,-24.63,0,0,37.299,0
149594721,48.9023,27.442,18.62,-128.672,-52.4704,-51.6796,50.8887,13.3682,8.22776,-8.25109,-14.0836,340.467,0.460693,0.602417,-18.66,0,0,37.299,0
149644416,48.9529,27.492,14.49,-128.76,-52.4704,-51.6796,50.8887,15.2968,9.99307,-9.97752,-12.4039,358.875,-0.899231,1.18176,-10.31,0,0,37.299,0
149698190,48.9771,27.5348,5.97,-128.76,-52.4704,-51.6796,50.8887,17.8476,12.3572,-12.4039,-10.0242,356.897,-0.0686646,0.382141,-3.9,0,0,37.299,0
149754125,49.0921,27.5115,-2.18,-128.848,-51.943,-51.6796,53.7012,19.5429,13.9436,-13.5626,-8.53883,239.149,0.498413,0.793396,3.67,0,0,37.299,0
149795399,49.0842,27.5242,-6.1,-126.914,-48.5153,-52.0312,53.8769,20.8105,15.1257,-14.8069,-7.35677,149.24,0.380859,0.479004,7,0,0,37.299,0
149837144,49.0526,27.5423,-8.46,-127.969,-48.5153,-51.9433,52.3828,21.2693,15.5845,-15.3979,-6.88239,86.8663,-0.317688,0.0906372,8.97,0,0,37.299,0
149888427,49.029,27.5247,-9.79,-128.057,-48.5153,-52.0312,52.3828,21.6737,16.0356,-15.8334,-6.38468,38.6411,-0.0922852,0.0856934,10.01,0,0,37.299,0
149935530,49.0084,27.5181,-10.47,-128.057,-48.5153,-52.0312,52.3828,21.8603,16.23,-16.0434,-6.12805,13.0832,-0.26001,0.170654,10.43,0,0,37.299,0
149984410,49.0061,27.5233,-10.53,-128.057,-48.5153,-52.0312,52.4707,21.8759,16.2378,-16.0745,-6.12027,-8.0629,-0.0366211,0.0932007,10.42,0,0,37.299,0
150031815,49.0079,27.5243,-10.34,-128.057,-48.5153,-52.0312,52.3828,21.8837,16.23,-16.0667,-6.12027,-11.1055,-0.0615234,0.0505371,10.24,0,0,37.299,0
150074248,49.0079,27.5243,-10.14,-128.057,-48.5153,-52.0312,52.4707,21.8837,16.23,-16.0667,-6.12027,-11.1055,-0.00366211,0.0401001,10.1,0,0,37.299,0
150121052,49.0079,27.5243,-10.02,-128.057,-48.5153,-52.0312,52.4707,21.8837,16.23,-16.0667,-6.12027,-7.91077,0.0325928,0.0377197,9.88,0,0,37.299,0
150165606,49.0079,27.5243,-9.84,-128.057,-48.5153,-52.0312,52.4707,21.8837,16.23,-16.0667,-6.12027,-4.5639,-0.0994263,-0.0265503,9.77,0,0,37.299,0
150216790,49.0079,27.5243,-9.76,-128.057,-48.5153,-52.0312,52.4707,21.8837,16.23,-16.0667,-6.12027,-1.97769,-0.0108032,-0.00915527,9.71,0,0,37.299,0
150258595,49.0079,27.5243,-9.74,-128.057,-48.5153,-52.0312,52.3828,21.8837,16.23,-16.0667,-6.12027,0.30426,-0.0772705,0.0509033,9.7,0,0,37.299,0
150308876,49.0079,27.5243,-9.74,-128.057,-48.5153,-52.0312,52.3828,21.8837,16.23,-16.0667,-6.12027,1.06491,-0.0327759,0.026001,9.71,0,0,37.299,0
150360349,49.0079,27.5243,-9.77,-128.057,-48.5153,-52.0312,52.4707,21.8837,16.23,-16.0667,-6.12027,1.5213,-0.031311,0.00311279,9.73,0,0,37.299,0
150400956,49.0079,27.5243,-9.78,-128.057,-48.5153,-52.0312,52.3828,21.8837,16.23,-16.0667,-6.12027,0.608521,-0.0783691,0.00439453,9.75,0,0,37.299,0
150444686,49.0079,27.5243,-9.79,-128.057,-48.5153,-52.0312,52.4707,21.8837,16.23,-16.0667,-6.12027,-0.15213,-0.015564,0.0269165,9.75,0,0,37.299,0
150495673,49.0079,27.5243,-9.78,-128.057,-48.6032,-52.0312,52.5586,21.8837,16.23,-16.0667,-6.12027,-0.30426,-0.0492554,0.0133667,9.74,0,0,37.299,0
150537652,49.0079,27.5243,-9.77,-128.057,-48.5153,-52.0312,52.4707,21.8837,16.23,-16.0667,-6.12027,-0.30426,-0.0109863,-0.00842285,9.73,0,0,37.299,0
150582402,49.0079,27.5243,-9.77,-128.057,-48.5153,-52.0312,52.4707,21.8837,16.23,-16.0667,-6.12027,-0.15213,-0.032959,0.0353394,9.73,0,0,37.299,0
150634658,49.0079,27.5243,-9.76,-128.057,-48.5153,-52.0312,52.4707,21.8837,16.23,-16.0667,-6.12027,-0.15213,-0.0357056,0.0205078,9.72,0,0,37.299,0
150687192,49.0079,27.5243,-9.76,-128.057,-48.5153,-52.0312,52.4707,21.8837,16.23,-16.0667,-6.12027,0.30426,-0.0395508,0.0274658,9.72,0,0,37.299,0
150735999,49.0079,27.5243,-9.76,-128.057,-48.5153,-52.0312,52.4707,21.8837,16.23,-16.0667,-6.12027,-0.15213,-0.0481567,0.0311279,9.72,0,0,37.299,0
150783879,49.0079,27.5243,-9.76,-128.057,-48.5153,-52.0312,52.3828,21.8837,16.23,-16.0667,-6.12027,-0,-0.0324097,0.0357056,9.72,0,0,37.299,0
150831937,49.0079,27.5243,-9.76,-128.057,-48.5153,-52.0312,52.4707,21.8837,16.23,-16.0667,-6.12027,-0.15213,-0.0391846,0.0344238,9.71,0,0,37.299,0
150876049,49.0079,27.5243,-9.75,-128.057,-48.5153,-52.0312,52.4707,21.8837,16.23,-16.0667,-6.12027,-0,-0.0342407,0.027832,9.71,0,0,37.299,0
150930676,49.0079,27.5243,-9.75,-128.057,-48.5153,-52.0312,52.4707,21.8837,16.23,-16.0667,-6.12027,0.15213,-0.0320435,0.0395508,9.71,0,0,37.299,0
150970509,49.0079,27.5243,-9.75,-128.057,-48.6032,-52.0312,52.5586,21.8837,16.23,-16.0667,-6.12027,-0.15213,-0.0629883,0.0410156,9.71,0,0,37.299,0
151024951,49.0079,27.5243,-9.75,-128.057,-48.5153,-52.0312,52.4707,21.8837,16.23,-16.0667,-6.12027,-0.30426,-0.0507202,0.0119019,9.71,0,0,37.299,0
151078209,49.0079,27.5243,-9.74,-128.057,-48.5153,-52.0312,52.3828,21.8837,16.23,-16.0667,-6.12027,-0,-0.0150146,0.0194092,9.7,0,0,37.299,0
151127023,49.0079,27.5243,-9.74,-128.057,-48.5153,-52.0312,52.4707,21.8837,16.23,-16.0667,-6.12027,0.15213,-0.0556641,0.019043,9.7,0,0,37.299,0
151162280,49.0079,27.5243,-9.74,-128.057,-48.5153,-52.0312,52.4707,21.8837,16.23,-16.0667,-6.12027,-0.15213,-0.0388184,0.0254517,9.7,0,0,37.299,0
151212555,49.0079,27.5243,-9.74,-128.057,-48.5153,-52.0312,52.4707,21.8837,16.23,-16.0667,-6.12027,-0,-0.0432129,0.036438,9.7,0,0,37.299,0
151255586,49.0079,27.5243,-9.74,-128.057,-48.5153,-52.0312,52.4707,21.8837,16.23,-16.0667,-6.12027,0.15213,-0.0505371,0.0291138,9.7,0,0,37.299,0
151301905,49.0079,27.5243,-9.74,-128.057,-48.5153,-52.0312,52.4707,21.8837,16.23,-16.0667,-6.12027,0.15213,-0.020874,0.0258179,9.7,0,0,37.299,0
151356062,49.0079,27.5243,-9.73,-128.057,-48.5153,-52.0312,52.4707,21.8837,16.23,-16.0667,-6.12027,-0.15213,-0.0455933,0.0247192,9.69,0,0,37.299,0
151397682,49.0079,27.5243,-9.74,-128.057,-48.5153,-52.0312,52.4707,21.8837,16.23,-16.0667,-6.12027,0.15213,-0.0397339,0.0324097,9.7,0,0,37.299,0
151442818,49.0079,27.5243,-9.74,-128.057,-48.5153,-52.0312,52.4707,21.8837,16.23,-16.0667,-6.12027,-0.15213,-0.038269,0.0322266,9.7,0,0,37.299,0
151498576,49.0079,27.5243,-9.73,-128.057,-48.5153,-52.0312,52.4707,21.8837,16.23,-16.0667,-6.12027,-0,-0.039917,0.0314941,9.69,0,0,37.299,0
151539933,49.0079,27.5243,-9.73,-128.057,-48.5153,-52.0312,52.4707,21.8837,16.23,-16.0667,-6.12027,-0,-0.057312,0.0252686,9.69,0,0,37.299,0
151587710,49.0079,27.5243,-9.73,-128.057,-48.5153,-52.0312,52.4707,21.8837,16.23,-16.0667,-6.12027,0.30426,-0.0428467,0.0302124,9.69,0,0,37.299,0
151634047,49.0079,27.5243,-9.73,-128.057,-48.5153,-52.0312,52.4707,21.8837,16.23,-16.0667,-6.12027,0.15213,-0.046875,0.0351562,9.69,0,0,37.299,0
151686013,49.0079,27.5243,-9.73,-128.057,-48.5153,-52.0312,52.4707,21.8837,16.23,-16.0667,-6.12027,-0,-0.0488892,0.019043,9.69,0,0,37.299,0
151735594,49.0079,27.5243,-9.73,-128.057,-48.5153,-52.0312,52.4707,21.8837,16.23,-16.0667,-6.12027,-0,-0.0488892,0.019043,9.69,0,0,37.299,0
151784320,49.0079,27.5243,-9.73,-128.057,-48.5153,-52.0312,52.4707,21.8837,16.23,-16.0667,-6.12027,-0,-0.0287476,0.0401001,9.69,0,0,37.299,0
151831754,49.0079,27.5243,-9.73,-128.057,-48.5153,-52.0312,52.4707,21.8837,16.23,-16.0667,-6.12027,-0,-0.0322266,0.0227051,9.69,0,0,37.299,0
151880626,49.0079,27.5243,-9.73,-128.057,-48.5153,-52.0312,52.3828,21.8837,16.23,-16.0667,-6.12027,-0,-0.0443115,0.0296631,9.69,0,0,37.299,0
151927247,49.0079,27.5243,-9.73,-128.057,-48.5153,-52.0312,52.4707,21.8837,16.23,-16.0667,-6.12027,0.15213,-0.0238037,0.0437622,9.69,0,0,37.299,0
151972260,49.0079,27.5243,-9.73,-128.057,-48.5153,-52.0312,52.4707,21.8837,16.23,-16.0667,-6.12027,-0,-0.0466919,0.0234375,9.69,0,0,37.299,0
152023097,49.0079,27.5243,-9.73,-128.057,-48.5153,-52.0312,52.3828,21.8837,16.23,-16.0667,-6.12027,-0,-0.039917,0.0357056,9.69,0,0,37.299,0
152073337,49.0079,27.5243,-9.72,-128.057,-48.5153,-52.0312,52.4707,21.8837,16.23,-16.0667,-6.12027,0.15213,-0.0541992,0.0349731,9.68,0,0,37.299,0
152122374,49.0079,27.5243,-9.72,-128.057,-48.5153,-52.0312,52.3828,21.8837,16.23,-16.0667,-6.12027,-0,-0.0230713,0.0183105,9.68,0,0,37.299,0
152168923,49.0079,27.5243,-9.72,-128.057,-48.5153,-52.0312,52.4707,21.8837,16.23,-16.0667,-6.12027,0.15213,-0.0563965,0.0384521,9.68,0,0,37.299,0
152220938,49.0079,27.5243,-9.72,-128.057,-48.5153,-52.0312,52.4707,21.8837,16.23,-16.0667,-6.12027,0.15213,-0.0340576,0.0287476,9.68,0,0,37.299,0
152271802,49.0079,27.5243,-9.72,-128.057,-48.5153,-52.0312,52.4707,21.8837,16.23,-16.0667,-6.12027,0.15213,-0.0448608,0.0388184,9.68,0,0,37.299,0
152320801,49.0079,27.5243,-9.72,-128.057,-48.5153,-52.0312,52.4707,21.8837,16.23,-16.0667,-6.12027,-0.15213,-0.0507202,0.0397339,9.68,0,0,37.299,0
152369704,49.0079,27.5243,-9.72,-128.057,-48.5153,-52.0312,52.4707,21.8837,16.23,-16.0667,-6.12027,-0.15213,-0.0353394,0.0261841,9.68,0,0,37.299,0
152422867,49.0079,27.5243,-9.72,-128.057,-48.5153,-52.0312,52.4707,21.8837,16.23,-16.0667,-6.12027,0.30426,-0.0463257,0.0216064,9.68,0,0,37.299,0
152478569,49.0079,27.5243,-9.72,-128.057,-48.5153,-52.0312,52.4707,21.8837,16.23,-16.0667,-6.12027,-0,-0.0402832,0.0303955,9.68,0,0,37.299,0
152527595,49.0079,27.5243,-9.72,-128.057,-48.4274,-52.0312,52.4707,21.8837,16.23,-16.0667,-6.12027,-0,-0.0435791,0.0333252,9.68,0,0,37.299,0
152576486,49.0079,27.5243,-9.72,-128.057,-48.5153,-52.0312,52.4707,21.8837,16.23,-16.0667,-6.12027,-0,-0.0461426,0.0346069,9.68,0,0,37.299,0
152633900,49.0079,27.5243,-9.72,-128.057,-48.5153,-52.0312,52.3828,21.8837,16.23,-16.0667,-6.12027,-0,-0.0499878,0.0307617,9.68,0,0,37.299,0
152683651,49.0079,27.5243,-9.72,-128.057,-48.5153,-52.0312,52.4707,21.8837,16.23,-16.0667,-6.12027,-0,-0.0421143,0.0305786,9.68,0,0,37.299,0
152735666,49.0079,27.5243,-9.72,-128.057,-48.5153,-52.0312,52.4707,21.8837,16.23,-16.0667,-6.12027,-0.30426,-0.052002,0.0245361,9.67,0,0,37.299,0
152784656,49.0079,27.5243,-9.72,-128.057,-48.5153,-52.0312,52.4707,21.8837,16.23,-16.0667,-6.12027,0.15213,-0.0366211,0.0289307,9.68,0,0,37.299,0
152832266,49.0079,27.5243,-9.72,-128.057,-48.5153,-52.0312,52.4707,21.8837,16.23,-16.0667,-6.12027,-0,-0.0419312,0.0265503,9.68,0,0,37.299,0
152870742,49.0079,27.5243,-9.71,-128.057,-48.5153,-52.0312,52.5586,21.8837,16.23,-16.0667,-6.12027,0.30426,-0.0351562,0.0292969,9.68,0,0,37.299,0
152928954,49.0079,27.5243,-9.71,-128.057,-48.5153,-52.0312,52.4707,21.8837,16.23,-16.0667,-6.12027,-0,-0.0419312,0.0281982,9.67,0,0,37.299,0
152989767,49.0079,27.5243,-9.71,-128.057,-48.5153,-52.0312,52.4707,21.8837,16.23,-16.0667,-6.12027,-0.30426,-0.0327759,0.0239868,9.67,0,0,37.299,0
153036534,49.0079,27.5243,-9.71,-128.057,-48.5153,-52.0312,52.4707,21.8837,16.23,-16.0667,-6.12027,-0.15213,-0.0331421,0.0318604,9.67,0,0,37.299,0
153079179,49.0079,27.5243,-9.71,-128.057,-48.5153,-52.0312,52.3828,21.8837,16.23,-16.0667,-6.12027,-0,-0.0404663,0.0236206,9.67,0,0,37.299,0
153133035,49.0079,27.5243,-9.71,-128.057,-48.5153,-52.0312,52.3828,21.8837,16.23,-16.0667,-6.12027,-0.15213,-0.0474243,0.031311,9.67,0,0,37.299,0
153188754,49.0079,27.5243,-9.71,-128.057,-48.5153,-52.0312,52.4707,21.8837,16.23,-16.0667,-6.12027,-0,-0.0311279,0.0254517,9.67,0,0,37.299,0
153231675,49.0079,27.5243,-9.71,-128.057,-48.5153,-52.0312,52.4707,21.8837,16.23,-16.0667,-6.12027,-0,-0.0419312,0.0338745,9.67,0,0,37.299,0
153287642,49.0079,27.5243,-9.71,-128.057,-48.5153,-52.0312,52.4707,21.8837,16.23,-16.0667,-6.12027,-0,-0.0435791,0.0368042,9.67,0,0,37.299,0
153334008,49.0079,27.5243,-9.71,-128.057,-48.5153,-52.0312,52.4707,21.8837,16.23,-16.0667,-6.12027,-0,-0.038269,0.0280151,9.67,0,0,37.299,0
153374148,49.0079,27.5243,-9.71,-128.057,-48.6032,-52.0312,52.4707,21.8837,16.23,-16.0667,-6.12027,-0.15213,-0.0466919,0.0331421,9.67,0,0,37.299,0
153420431,49.0079,27.5243,-9.71,-128.057,-48.6032,-52.0312,52.4707,21.8837,16.23,-16.0667,-6.12027,-0.15213,-0.0368042,0.027832,9.67,0,0,37.299,0
153461584,49.0079,27.5243,-9.7,-128.057,-48.5153,-52.0312,52.4707,21.8837,16.23,-16.0667,-6.12027,-0.15213,-0.0430298,0.0393677,9.66,0,0,37.299,0
153519524,49.0079,27.5243,-9.7,-128.057,-48.5153,-52.0312,52.5586,21.8837,16.23,-16.0667,-6.12027,0.15213,-0.0441284,0.0303955,9.66,0,0,37.299,0
153572550,49.0079,27.5243,-9.7,-128.057,-48.5153,-52.0312,52.5586,21.8837,16.23,-16.0667,-6.12027,0.45639,-0.0472412,0.0371704,9.66,0,0,37.299,0
153626534,49.0079,27.5243,-9.7,-128.057,-48.5153,-52.0312,52.4707,21.8837,16.23,-16.0667,-6.12027,-0,-0.0344238,0.0349731,9.66,0,0,37.299,0
153665077,49.0079,27.5243,-9.7,-128.057,-48.5153,-52.0312,52.4707,21.8837,16.23,-16.0667,-6.12027,-0,-0.0487061,0.024353,9.66,0,0,37.299,0
153723757,49.0079,27.5243,-9.7,-128.057,-48.5153,-52.0312,52.3828,21.8837,16.23,-16.0667,-6.12027,-0.15213,-0.0565796,0.0309448,9.66,0,0,37.299,0
153778594,49.0079,27.5243,-9.7,-128.057,-48.5153,-52.0312,52.4707,21.8837,16.23,-16.0667,-6.12027,0.15213,-0.0379028,0.0368042,9.66,0,0,37.299,0
153834922,49.0079,27.5243,-9.7,-128.057,-48.5153,-52.0312,52.4707,21.8837,16.23,-16.0667,-6.12027,0.15213,-0.0457764,0.026001,9.66,0,0,37.299,0
153892305,49.0079,27.5243,-9.7,-128.057,-48.5153,-52.0312,52.4707,21.8837,16.23,-16.0667,-6.12027,-0,-0.0444946,0.0340576,9.66,0,0,37.299,0
153943590,49.0079,27.5243,-9.7,-128.057,-48.5153,-52.0312,52.3828,21.8837,16.23,-16.0667,-6.12027,0.15213,-0.0450439,0.0349731,9.66,0,0,37.299,0
153996398,49.0079,27.5243,-9.69,-128.057,-48.5153,-52.0312,52.3828,21.8837,16.23,-16.0667,-6.12027,-0,-0.0576782,0.0109863,9.65,0,0,37.299,0
154053308,49.0079,27.5243,-9.7,-128.057,-48.5153,-52.0312,52.4707,21.8837,16.23,-16.0667,-6.12027,-0.30426,-0.0582275,0.0305786,9.65,0,0,37.299,0
154110900,49.0079,27.5243,-9.69,-128.057,-48.5153,-52.0312,52.3828,21.8837,16.23,-16.0667,-6.12027,0.15213,-0.0463257,0.0388184,9.66,0,0,37.299,0
